1,S00001,3
2,S00002,4
3,S00003,4
4,S00004,3
5,S00005,4
6,S00006,2
7,S00007,0
8,S00008,1
9,S00009,2
10,S00010,1
11,S00011,2
12,S00012,2
13,S00013,2
14,S00014,0
15,S00015,1
16,S00016,3
17,S00017,3
18,S00018,4
19,S00019,0
20,S00020,0
21,S00021,0
22,S00022,2
23,S00023,0
24,S00024,3
25,S00025,0
26,S00026,2
27,S00027,1
28,S00028,0
29,S00029,1
30,S00030,4
31,S00031,2
32,S00032,0
33,S00033,4
34,S00034,4
35,S00035,1
36,S00036,3
37,S00037,3
38,S00038,3
39,S00039,3
40,S00040,2
41,S00041,0
42,S00042,0
43,S00043,2
44,S00044,1
45,S00045,0
46,S00046,4
47,S00047,0
48,S00048,2
49,S00049,1
50,S00050,0
51,S00051,2
52,S00052,4
53,S00053,3
54,S00054,4
55,S00055,4
56,S00056,1
57,S00057,0
58,S00058,3
59,S00059,2
60,S00060,3
61,S00061,0
62,S00062,1
63,S00063,0
64,S00064,2
65,S00065,3
66,S00066,4
67,S00067,0
68,S00068,1
69,S00069,1
70,S00070,3
71,S00071,4
72,S00072,2
73,S00073,4
74,S00074,3
75,S00075,4
76,S00076,3
77,S00077,4
78,S00078,0
79,S00079,1
80,S00080,3
81,S00081,3
82,S00082,1
83,S00083,2
84,S00084,3
85,S00085,0
86,S00086,4
87,S00087,0
88,S00088,3
89,S00089,2
90,S00090,3
91,S00091,2
92,S00092,1
93,S00093,4
94,S00094,0
95,S00095,2
96,S00096,0
97,S00097,1
98,S00098,3
99,S00099,2
100,S00100,4
101,S00101,2
102,S00102,3
103,S00103,3
104,S00104,4
105,S00105,4
106,S00106,1
107,S00107,0
108,S00108,2
109,S00109,1
110,S00110,0
111,S00111,1
112,S00112,4
113,S00113,4
114,S00114,3
115,S00115,2
116,S00116,2
117,S00117,2
118,S00118,1
119,S00119,1
120,S00120,2
121,S00121,3
122,S00122,0
123,S00123,1
124,S00124,2
125,S00125,4
126,S00126,1
127,S00127,0
128,S00128,1
129,S00129,0
130,S00130,0
131,S00131,1
132,S00132,0
133,S00133,1
134,S00134,1
135,S00135,3
136,S00136,4
137,S00137,0
138,S00138,1
139,S00139,0
140,S00140,1
141,S00141,1
142,S00142,1
143,S00143,4
144,S00144,0
145,S00145,4
146,S00146,4
147,S00147,4
148,S00148,4
149,S00149,3
150,S00150,0
151,S00151,0
152,S00152,1
153,S00153,0
154,S00154,4
155,S00155,2
156,S00156,0
157,S00157,2
158,S00158,3
159,S00159,1
160,S00160,1
161,S00161,1
162,S00162,3
163,S00163,4
164,S00164,2
165,S00165,0
166,S00166,4
167,S00167,1
168,S00168,1
169,S00169,4
170,S00170,2
171,S00171,4
172,S00172,3
173,S00173,1
174,S00174,2
175,S00175,0
176,S00176,1
177,S00177,4
178,S00178,2
179,S00179,1
180,S00180,0
181,S00181,0
182,S00182,4
183,S00183,3
184,S00184,4
185,S00185,2
186,S00186,4
187,S00187,2
188,S00188,3
189,S00189,4
190,S00190,0
191,S00191,2
192,S00192,2
193,S00193,0
194,S00194,4
195,S00195,3
196,S00196,1
197,S00197,4
198,S00198,4
199,S00199,2
200,S00200,2
201,S00201,3
202,S00202,3
203,S00203,3
204,S00204,0
205,S00205,1
206,S00206,1
207,S00207,3
208,S00208,2
209,S00209,1
210,S00210,4
211,S00211,0
212,S00212,2
213,S00213,0
214,S00214,4
215,S00215,1
216,S00216,0
217,S00217,0
218,S00218,0
219,S00219,4
220,S00220,2
221,S00221,2
222,S00222,4
223,S00223,0
224,S00224,0
225,S00225,3
226,S00226,1
227,S00227,1
228,S00228,2
229,S00229,4
230,S00230,0
231,S00231,1
232,S00232,4
233,S00233,4
234,S00234,0
235,S00235,4
236,S00236,1
237,S00237,3
238,S00238,1
239,S00239,3
240,S00240,4
241,S00241,1
242,S00242,0
243,S00243,4
244,S00244,0
245,S00245,3
246,S00246,2
247,S00247,2
248,S00248,3
249,S00249,2
250,S00250,4
251,S00251,4
252,S00252,1
253,S00253,4
254,S00254,2
255,S00255,0
256,S00256,1
257,S00257,0
258,S00258,2
259,S00259,0
260,S00260,2
261,S00261,4
262,S00262,1
263,S00263,3
264,S00264,2
265,S00265,4
266,S00266,0
267,S00267,4
268,S00268,0
269,S00269,0
270,S00270,0
271,S00271,0
272,S00272,1
273,S00273,0
274,S00274,1
275,S00275,3
276,S00276,1
277,S00277,0
278,S00278,3
279,S00279,4
280,S00280,1
281,S00281,4
282,S00282,3
283,S00283,1
284,S00284,0
285,S00285,1
286,S00286,0
287,S00287,2
288,S00288,1
289,S00289,1
290,S00290,4
291,S00291,4
292,S00292,3
293,S00293,0
294,S00294,4
295,S00295,3
296,S00296,0
297,S00297,0
298,S00298,0
299,S00299,2
300,S00300,0
301,S00301,3
302,S00302,0
303,S00303,0
304,S00304,3
305,S00305,1
306,S00306,0
307,S00307,3
308,S00308,4
309,S00309,3
310,S00310,2
311,S00311,4
312,S00312,1
313,S00313,1
314,S00314,3
315,S00315,3
316,S00316,0
317,S00317,0
318,S00318,2
319,S00319,0
320,S00320,3
321,S00321,3
322,S00322,0
323,S00323,2
324,S00324,3
325,S00325,2
326,S00326,3
327,S00327,2
328,S00328,2
329,S00329,2
330,S00330,0
331,S00331,1
332,S00332,2
333,S00333,2
334,S00334,3
335,S00335,1
336,S00336,3
337,S00337,3
338,S00338,2
339,S00339,4
340,S00340,1
341,S00341,3
342,S00342,4
343,S00343,4
344,S00344,3
345,S00345,2
346,S00346,0
347,S00347,3
348,S00348,2
349,S00349,1
350,S00350,2
351,S00351,4
352,S00352,1
353,S00353,1
354,S00354,0
355,S00355,0
356,S00356,3
357,S00357,2
358,S00358,3
359,S00359,0
360,S00360,4
361,S00361,0
362,S00362,2
363,S00363,4
364,S00364,3
365,S00365,3
366,S00366,0
367,S00367,0
368,S00368,3
369,S00369,3
370,S00370,1
371,S00371,2
372,S00372,1
373,S00373,1
374,S00374,3
375,S00375,2
376,S00376,3
377,S00377,1
378,S00378,1
379,S00379,3
380,S00380,0
381,S00381,0
382,S00382,3
383,S00383,4
384,S00384,4
385,S00385,0
386,S00386,2
387,S00387,1
388,S00388,2
389,S00389,0
390,S00390,3
391,S00391,4
392,S00392,0
393,S00393,2
394,S00394,2
395,S00395,0
396,S00396,1
397,S00397,2
398,S00398,1
399,S00399,1
400,S00400,3
401,S00401,0
402,S00402,0
403,S00403,1
404,S00404,3
405,S00405,2
406,S00406,2
407,S00407,0
408,S00408,1
409,S00409,3
410,S00410,3
411,S00411,2
412,S00412,2
413,S00413,4
414,S00414,4
415,S00415,1
416,S00416,4
417,S00417,3
418,S00418,4
419,S00419,0
420,S00420,0
421,S00421,2
422,S00422,2
423,S00423,1
424,S00424,0
425,S00425,1
426,S00426,1
427,S00427,4
428,S00428,2
429,S00429,1
430,S00430,1
431,S00431,2
432,S00432,2
433,S00433,0
434,S00434,2
435,S00435,4
436,S00436,0
437,S00437,1
438,S00438,4
439,S00439,4
440,S00440,0
441,S00441,1
442,S00442,0
443,S00443,3
444,S00444,3
445,S00445,0
446,S00446,1
447,S00447,1
448,S00448,2
449,S00449,4
450,S00450,0
451,S00451,4
452,S00452,4
453,S00453,3
454,S00454,3
455,S00455,0
456,S00456,0
457,S00457,1
458,S00458,0
459,S00459,1
460,S00460,1
461,S00461,0
462,S00462,1
463,S00463,4
464,S00464,1
465,S00465,4
466,S00466,4
467,S00467,4
468,S00468,2
469,S00469,2
470,S00470,1
471,S00471,0
472,S00472,1
473,S00473,2
474,S00474,3
475,S00475,3
476,S00476,1
477,S00477,2
478,S00478,4
479,S00479,2
480,S00480,1
481,S00481,2
482,S00482,3
483,S00483,4
484,S00484,1
485,S00485,1
486,S00486,0
487,S00487,4
488,S00488,1
489,S00489,2
490,S00490,2
491,S00491,2
492,S00492,2
493,S00493,1
494,S00494,3
495,S00495,4
496,S00496,2
497,S00497,1
498,S00498,1
499,S00499,2
500,S00500,0
501,S00501,1
502,S00502,4
503,S00503,4
504,S00504,0
505,S00505,1
506,S00506,0
507,S00507,1
508,S00508,1
509,S00509,0
510,S00510,3
511,S00511,2
512,S00512,2
513,S00513,2
514,S00514,0
515,S00515,1
516,S00516,1
517,S00517,4
518,S00518,1
519,S00519,3
520,S00520,2
521,S00521,3
522,S00522,2
523,S00523,0
524,S00524,3
525,S00525,1
526,S00526,2
527,S00527,4
528,S00528,3
529,S00529,0
530,S00530,4
531,S00531,0
532,S00532,2
533,S00533,3
534,S00534,0
535,S00535,4
536,S00536,4
537,S00537,1
538,S00538,0
539,S00539,3
540,S00540,3
541,S00541,1
542,S00542,4
543,S00543,0
544,S00544,4
545,S00545,0
546,S00546,0
547,S00547,0
548,S00548,4
549,S00549,4
550,S00550,4
551,S00551,2
552,S00552,4
553,S00553,1
554,S00554,2
555,S00555,0
556,S00556,3
557,S00557,2
558,S00558,2
559,S00559,0
560,S00560,4
561,S00561,4
562,S00562,2
563,S00563,4
564,S00564,2
565,S00565,3
566,S00566,3
567,S00567,0
568,S00568,1
569,S00569,1
570,S00570,4
571,S00571,1
572,S00572,3
573,S00573,0
574,S00574,3
575,S00575,2
576,S00576,4
577,S00577,4
578,S00578,1
579,S00579,2
580,S00580,1
581,S00581,1
582,S00582,1
583,S00583,2
584,S00584,1
585,S00585,4
586,S00586,1
587,S00587,2
588,S00588,2
589,S00589,3
590,S00590,1
591,S00591,2
592,S00592,1
593,S00593,0
594,S00594,4
595,S00595,4
596,S00596,1
597,S00597,4
598,S00598,4
599,S00599,0
600,S00600,4
601,S00601,4
602,S00602,2
603,S00603,4
604,S00604,1
605,S00605,4
606,S00606,1
607,S00607,4
608,S00608,1
609,S00609,4
610,S00610,1
611,S00611,4
612,S00612,0
613,S00613,2
614,S00614,2
615,S00615,2
616,S00616,2
617,S00617,0
618,S00618,0
619,S00619,4
620,S00620,0
621,S00621,2
622,S00622,3
623,S00623,4
624,S00624,1
625,S00625,2
626,S00626,2
627,S00627,2
628,S00628,0
629,S00629,1
630,S00630,4
631,S00631,2
632,S00632,1
633,S00633,3
634,S00634,0
635,S00635,2
636,S00636,1
637,S00637,1
638,S00638,2
639,S00639,1
640,S00640,1
641,S00641,4
642,S00642,0
643,S00643,4
644,S00644,0
645,S00645,0
646,S00646,4
647,S00647,2
648,S00648,1
649,S00649,3
650,S00650,4
651,S00651,4
652,S00652,2
653,S00653,1
654,S00654,4
655,S00655,3
656,S00656,1
657,S00657,4
658,S00658,4
659,S00659,0
660,S00660,0
661,S00661,4
662,S00662,2
663,S00663,0
664,S00664,4
665,S00665,1
666,S00666,3
667,S00667,0
668,S00668,4
669,S00669,0
670,S00670,1
671,S00671,2
672,S00672,4
673,S00673,1
674,S00674,3
675,S00675,4
676,S00676,3
677,S00677,2
678,S00678,4
679,S00679,4
680,S00680,1
681,S00681,0
682,S00682,4
683,S00683,2
684,S00684,4
685,S00685,4
686,S00686,4
687,S00687,4
688,S00688,2
689,S00689,1
690,S00690,0
691,S00691,2
692,S00692,2
693,S00693,3
694,S00694,0
695,S00695,1
696,S00696,1
697,S00697,3
698,S00698,3
699,S00699,2
700,S00700,1
701,S00701,1
702,S00702,1
703,S00703,2
704,S00704,1
705,S00705,4
706,S00706,3
707,S00707,3
708,S00708,3
709,S00709,3
710,S00710,4
711,S00711,0
712,S00712,1
713,S00713,3
714,S00714,1
715,S00715,1
716,S00716,4
717,S00717,1
718,S00718,3
719,S00719,1
720,S00720,4
721,S00721,3
722,S00722,4
723,S00723,2
724,S00724,0
725,S00725,1
726,S00726,1
727,S00727,1
728,S00728,2
729,S00729,0
730,S00730,4
731,S00731,2
732,S00732,2
733,S00733,3
734,S00734,2
735,S00735,2
736,S00736,1
737,S00737,3
738,S00738,4
739,S00739,0
740,S00740,4
741,S00741,3
742,S00742,1
743,S00743,0
744,S00744,4
745,S00745,0
746,S00746,0
747,S00747,0
748,S00748,2
749,S00749,3
750,S00750,3
751,S00751,1
752,S00752,4
753,S00753,1
754,S00754,4
755,S00755,0
756,S00756,4
757,S00757,4
758,S00758,0
759,S00759,1
760,S00760,4
761,S00761,1
762,S00762,1
763,S00763,3
764,S00764,0
765,S00765,0
766,S00766,2
767,S00767,1
768,S00768,2
769,S00769,0
770,S00770,0
771,S00771,2
772,S00772,0
773,S00773,0
774,S00774,3
775,S00775,4
776,S00776,3
777,S00777,4
778,S00778,3
779,S00779,3
780,S00780,1
781,S00781,2
782,S00782,3
783,S00783,1
784,S00784,3
785,S00785,2
786,S00786,1
787,S00787,4
788,S00788,2
789,S00789,0
790,S00790,1
791,S00791,0
792,S00792,1
793,S00793,4
794,S00794,1
795,S00795,3
796,S00796,0
797,S00797,0
798,S00798,1
799,S00799,3
800,S00800,3
801,S00801,1
802,S00802,2
803,S00803,4
804,S00804,1
805,S00805,3
806,S00806,4
807,S00807,1
808,S00808,4
809,S00809,2
810,S00810,3
811,S00811,2
812,S00812,2
813,S00813,3
814,S00814,2
815,S00815,1
816,S00816,1
817,S00817,4
818,S00818,1
819,S00819,1
820,S00820,4
821,S00821,0
822,S00822,3
823,S00823,1
824,S00824,4
825,S00825,2
826,S00826,2
827,S00827,1
828,S00828,3
829,S00829,4
830,S00830,4
831,S00831,4
832,S00832,4
833,S00833,4
834,S00834,3
835,S00835,4
836,S00836,3
837,S00837,3
838,S00838,3
839,S00839,2
840,S00840,0
841,S00841,1
842,S00842,2
843,S00843,0
844,S00844,2
845,S00845,3
846,S00846,3
847,S00847,4
848,S00848,3
849,S00849,2
850,S00850,1
851,S00851,3
852,S00852,0
853,S00853,2
854,S00854,0
855,S00855,4
856,S00856,4
857,S00857,1
858,S00858,2
859,S00859,1
860,S00860,0
861,S00861,1
862,S00862,0
863,S00863,1
864,S00864,4
865,S00865,2
866,S00866,1
867,S00867,0
868,S00868,2
869,S00869,4
870,S00870,4
871,S00871,3
872,S00872,2
873,S00873,1
874,S00874,4
875,S00875,1
876,S00876,1
877,S00877,0
878,S00878,1
879,S00879,3
880,S00880,2
881,S00881,2
882,S00882,0
883,S00883,3
884,S00884,3
885,S00885,2
886,S00886,3
887,S00887,4
888,S00888,1
889,S00889,1
890,S00890,2
891,S00891,2
892,S00892,3
893,S00893,0
894,S00894,2
895,S00895,2
896,S00896,2
897,S00897,3
898,S00898,4
899,S00899,2
900,S00900,4
901,S00901,3
902,S00902,0
903,S00903,1
904,S00904,1
905,S00905,1
906,S00906,1
907,S00907,3
908,S00908,1
909,S00909,3
910,S00910,0
911,S00911,2
912,S00912,2
913,S00913,2
914,S00914,3
915,S00915,3
916,S00916,3
917,S00917,0
918,S00918,4
919,S00919,3
920,S00920,3
921,S00921,2
922,S00922,1
923,S00923,1
924,S00924,0
925,S00925,1
926,S00926,4
927,S00927,2
928,S00928,0
929,S00929,1
930,S00930,1
931,S00931,2
932,S00932,0
933,S00933,2
934,S00934,0
935,S00935,1
936,S00936,2
937,S00937,2
938,S00938,4
939,S00939,2
940,S00940,0
941,S00941,4
942,S00942,2
943,S00943,2
944,S00944,4
945,S00945,1
946,S00946,2
947,S00947,3
948,S00948,1
949,S00949,2
950,S00950,1
951,S00951,0
952,S00952,1
953,S00953,4
954,S00954,2
955,S00955,1
956,S00956,3
957,S00957,0
958,S00958,0
959,S00959,1
960,S00960,4
961,S00961,0
962,S00962,1
963,S00963,1
964,S00964,0
965,S00965,1
966,S00966,1
967,S00967,3
968,S00968,1
969,S00969,1
970,S00970,4
971,S00971,0
972,S00972,4
973,S00973,2
974,S00974,4
975,S00975,2
976,S00976,2
977,S00977,4
978,S00978,3
979,S00979,4
980,S00980,0
981,S00981,4
982,S00982,3
983,S00983,4
984,S00984,3
985,S00985,0
986,S00986,1
987,S00987,3
988,S00988,3
989,S00989,3
990,S00990,0
991,S00991,2
992,S00992,3
993,S00993,0
994,S00994,1
995,S00995,3
996,S00996,2
997,S00997,0
998,S00998,1
999,S00999,2
1000,S01000,1
1001,S01001,2
1002,S01002,4
1003,S01003,4
1004,S01004,4
1005,S01005,1
1006,S01006,4
1007,S01007,0
1008,S01008,0
1009,S01009,4
1010,S01010,2
1011,S01011,2
1012,S01012,1
1013,S01013,2
1014,S01014,3
1015,S01015,2
1016,S01016,0
1017,S01017,2
1018,S01018,1
1019,S01019,2
1020,S01020,1
1021,S01021,3
1022,S01022,4
1023,S01023,3
1024,S01024,0
1025,S01025,3
1026,S01026,3
1027,S01027,0
1028,S01028,0
1029,S01029,4
1030,S01030,4
1031,S01031,2
1032,S01032,1
1033,S01033,0
1034,S01034,3
1035,S01035,3
1036,S01036,4
1037,S01037,1
1038,S01038,0
1039,S01039,4
1040,S01040,1
1041,S01041,0
1042,S01042,3
1043,S01043,3
1044,S01044,4
1045,S01045,1
1046,S01046,3
1047,S01047,1
1048,S01048,4
1049,S01049,2
1050,S01050,1
1051,S01051,1
1052,S01052,4
1053,S01053,2
1054,S01054,3
1055,S01055,0
1056,S01056,4
1057,S01057,0
1058,S01058,2
1059,S01059,2
1060,S01060,1
1061,S01061,0
1062,S01062,0
1063,S01063,2
1064,S01064,0
1065,S01065,3
1066,S01066,2
1067,S01067,1
1068,S01068,1
1069,S01069,1
1070,S01070,0
1071,S01071,2
1072,S01072,1
1073,S01073,2
1074,S01074,0
1075,S01075,3
1076,S01076,3
1077,S01077,3
1078,S01078,0
1079,S01079,1
1080,S01080,0
1081,S01081,2
1082,S01082,3
1083,S01083,2
1084,S01084,0
1085,S01085,4
1086,S01086,4
1087,S01087,0
1088,S01088,1
1089,S01089,2
1090,S01090,0
1091,S01091,0
1092,S01092,4
1093,S01093,3
1094,S01094,3
1095,S01095,1
1096,S01096,1
1097,S01097,1
1098,S01098,4
1099,S01099,0
1100,S01100,1
1101,S01101,4
1102,S01102,2
1103,S01103,0
1104,S01104,2
1105,S01105,3
1106,S01106,3
1107,S01107,0
1108,S01108,1
1109,S01109,0
1110,S01110,1
1111,S01111,3
1112,S01112,0
1113,S01113,0
1114,S01114,1
1115,S01115,3
1116,S01116,3
1117,S01117,1
1118,S01118,1
1119,S01119,1
1120,S01120,3
1121,S01121,3
1122,S01122,0
1123,S01123,3
1124,S01124,2
1125,S01125,2
1126,S01126,1
1127,S01127,1
1128,S01128,1
1129,S01129,0
1130,S01130,2
1131,S01131,2
1132,S01132,3
1133,S01133,2
1134,S01134,3
1135,S01135,0
1136,S01136,1
1137,S01137,1
1138,S01138,3
1139,S01139,4
1140,S01140,3
1141,S01141,0
1142,S01142,2
1143,S01143,3
1144,S01144,0
1145,S01145,1
1146,S01146,4
1147,S01147,4
1148,S01148,3
1149,S01149,2
1150,S01150,3
1151,S01151,4
1152,S01152,4
1153,S01153,1
1154,S01154,2
1155,S01155,2
1156,S01156,4
1157,S01157,4
1158,S01158,3
1159,S01159,3
1160,S01160,1
1161,S01161,4
1162,S01162,3
1163,S01163,1
1164,S01164,2
1165,S01165,4
1166,S01166,0
1167,S01167,4
1168,S01168,3
1169,S01169,4
1170,S01170,0
1171,S01171,4
1172,S01172,3
1173,S01173,2
1174,S01174,3
1175,S01175,1
1176,S01176,3
1177,S01177,1
1178,S01178,4
1179,S01179,1
1180,S01180,4
1181,S01181,1
1182,S01182,3
1183,S01183,0
1184,S01184,4
1185,S01185,1
1186,S01186,0
1187,S01187,1
1188,S01188,1
1189,S01189,1
1190,S01190,3
1191,S01191,1
1192,S01192,0
1193,S01193,1
1194,S01194,2
1195,S01195,4
1196,S01196,3
1197,S01197,2
1198,S01198,2
1199,S01199,0
1200,S01200,0
1201,S01201,3
1202,S01202,3
1203,S01203,4
1204,S01204,1
1205,S01205,3
1206,S01206,3
1207,S01207,1
1208,S01208,4
1209,S01209,0
1210,S01210,4
1211,S01211,1
1212,S01212,0
1213,S01213,0
1214,S01214,0
1215,S01215,4
1216,S01216,1
1217,S01217,4
1218,S01218,4
1219,S01219,2
1220,S01220,3
1221,S01221,4
1222,S01222,2
1223,S01223,1
1224,S01224,2
1225,S01225,4
1226,S01226,1
1227,S01227,2
1228,S01228,4
1229,S01229,1
1230,S01230,1
1231,S01231,3
1232,S01232,4
1233,S01233,3
1234,S01234,1
1235,S01235,1
1236,S01236,2
1237,S01237,3
1238,S01238,0
1239,S01239,4
1240,S01240,3
1241,S01241,1
1242,S01242,2
1243,S01243,4
1244,S01244,4
1245,S01245,2
1246,S01246,1
1247,S01247,0
1248,S01248,2
1249,S01249,0
1250,S01250,3
1251,S01251,4
1252,S01252,1
1253,S01253,0
1254,S01254,1
1255,S01255,3
1256,S01256,0
1257,S01257,1
1258,S01258,1
1259,S01259,3
1260,S01260,2
1261,S01261,3
1262,S01262,0
1263,S01263,0
1264,S01264,4
1265,S01265,1
1266,S01266,0
1267,S01267,2
1268,S01268,2
1269,S01269,3
1270,S01270,0
1271,S01271,0
1272,S01272,4
1273,S01273,4
1274,S01274,4
1275,S01275,0
1276,S01276,3
1277,S01277,3
1278,S01278,3
1279,S01279,3
1280,S01280,2
1281,S01281,0
1282,S01282,1
1283,S01283,0
1284,S01284,3
1285,S01285,2
1286,S01286,2
1287,S01287,0
1288,S01288,1
1289,S01289,3
1290,S01290,2
1291,S01291,3
1292,S01292,3
1293,S01293,3
1294,S01294,4
1295,S01295,3
1296,S01296,3
1297,S01297,1
1298,S01298,1
1299,S01299,4
1300,S01300,4
1301,S01301,3
1302,S01302,2
1303,S01303,2
1304,S01304,0
1305,S01305,2
1306,S01306,2
1307,S01307,1
1308,S01308,0
1309,S01309,0
1310,S01310,1
1311,S01311,2
1312,S01312,2
1313,S01313,0
1314,S01314,2
1315,S01315,0
1316,S01316,2
1317,S01317,3
1318,S01318,1
1319,S01319,4
1320,S01320,3
1321,S01321,2
1322,S01322,4
1323,S01323,3
1324,S01324,1
1325,S01325,4
1326,S01326,4
1327,S01327,1
1328,S01328,3
1329,S01329,4
1330,S01330,1
1331,S01331,3
1332,S01332,2
1333,S01333,0
1334,S01334,2
1335,S01335,2
1336,S01336,0
1337,S01337,2
1338,S01338,2
1339,S01339,1
1340,S01340,1
1341,S01341,3
1342,S01342,4
1343,S01343,3
1344,S01344,1
1345,S01345,1
1346,S01346,0
1347,S01347,0
1348,S01348,1
1349,S01349,2
1350,S01350,3
1351,S01351,1
1352,S01352,1
1353,S01353,0
1354,S01354,3
1355,S01355,3
1356,S01356,4
1357,S01357,1
1358,S01358,4
1359,S01359,0
1360,S01360,4
1361,S01361,2
1362,S01362,1
1363,S01363,1
1364,S01364,3
1365,S01365,4
1366,S01366,3
1367,S01367,4
1368,S01368,4
1369,S01369,0
1370,S01370,4
1371,S01371,3
1372,S01372,4
1373,S01373,4
1374,S01374,1
1375,S01375,1
1376,S01376,1
1377,S01377,2
1378,S01378,1
1379,S01379,2
1380,S01380,2
1381,S01381,3
1382,S01382,1
1383,S01383,4
1384,S01384,0
1385,S01385,4
1386,S01386,1
1387,S01387,4
1388,S01388,1
1389,S01389,1
1390,S01390,4
1391,S01391,2
1392,S01392,3
1393,S01393,3
1394,S01394,3
1395,S01395,3
1396,S01396,0
1397,S01397,1
1398,S01398,0
1399,S01399,3
1400,S01400,3
1401,S01401,4
1402,S01402,3
1403,S01403,1
1404,S01404,3
1405,S01405,3
1406,S01406,0
1407,S01407,1
1408,S01408,2
1409,S01409,4
1410,S01410,2
1411,S01411,0
1412,S01412,3
1413,S01413,4
1414,S01414,1
1415,S01415,4
1416,S01416,0
1417,S01417,3
1418,S01418,0
1419,S01419,1
1420,S01420,2
1421,S01421,3
1422,S01422,3
1423,S01423,0
1424,S01424,0
1425,S01425,0
1426,S01426,3
1427,S01427,0
1428,S01428,4
1429,S01429,4
1430,S01430,4
1431,S01431,3
1432,S01432,0
1433,S01433,1
1434,S01434,0
1435,S01435,3
1436,S01436,4
1437,S01437,3
1438,S01438,0
1439,S01439,3
1440,S01440,1
1441,S01441,3
1442,S01442,2
1443,S01443,3
1444,S01444,0
1445,S01445,2
1446,S01446,4
1447,S01447,0
1448,S01448,1
1449,S01449,3
1450,S01450,3
1451,S01451,0
1452,S01452,3
1453,S01453,3
1454,S01454,4
1455,S01455,3
1456,S01456,3
1457,S01457,4
1458,S01458,3
1459,S01459,4
1460,S01460,1
1461,S01461,3
1462,S01462,0
1463,S01463,2
1464,S01464,1
1465,S01465,3
1466,S01466,0
1467,S01467,2
1468,S01468,4
1469,S01469,3
1470,S01470,4
1471,S01471,1
1472,S01472,2
1473,S01473,2
1474,S01474,4
1475,S01475,4
1476,S01476,1
1477,S01477,0
1478,S01478,3
1479,S01479,0
1480,S01480,2
1481,S01481,3
1482,S01482,1
1483,S01483,0
1484,S01484,0
1485,S01485,3
1486,S01486,1
1487,S01487,1
1488,S01488,0
1489,S01489,0
1490,S01490,4
1491,S01491,3
1492,S01492,1
1493,S01493,2
1494,S01494,3
1495,S01495,4
1496,S01496,3
1497,S01497,0
1498,S01498,3
1499,S01499,3
1500,S01500,3
1501,S01501,2
1502,S01502,4
1503,S01503,3
1504,S01504,3
1505,S01505,2
1506,S01506,1
1507,S01507,3
1508,S01508,3
1509,S01509,1
1510,S01510,3
1511,S01511,3
1512,S01512,3
1513,S01513,4
1514,S01514,0
1515,S01515,4
1516,S01516,1
1517,S01517,4
1518,S01518,4
1519,S01519,2
1520,S01520,1
1521,S01521,1
1522,S01522,1
1523,S01523,4
1524,S01524,1
1525,S01525,2
1526,S01526,3
1527,S01527,4
1528,S01528,3
1529,S01529,3
1530,S01530,4
1531,S01531,4
1532,S01532,1
1533,S01533,2
1534,S01534,4
1535,S01535,3
1536,S01536,4
1537,S01537,2
1538,S01538,0
1539,S01539,3
1540,S01540,0
1541,S01541,0
1542,S01542,2
1543,S01543,4
1544,S01544,0
1545,S01545,1
1546,S01546,4
1547,S01547,3
1548,S01548,4
1549,S01549,2
1550,S01550,2
1551,S01551,3
1552,S01552,3
1553,S01553,3
1554,S01554,2
1555,S01555,4
1556,S01556,0
1557,S01557,0
1558,S01558,1
1559,S01559,2
1560,S01560,3
1561,S01561,4
1562,S01562,2
1563,S01563,1
1564,S01564,0
1565,S01565,4
1566,S01566,0
1567,S01567,4
1568,S01568,3
1569,S01569,4
1570,S01570,3
1571,S01571,2
1572,S01572,0
1573,S01573,4
1574,S01574,4
1575,S01575,1
1576,S01576,0
1577,S01577,2
1578,S01578,3
1579,S01579,2
1580,S01580,1
1581,S01581,2
1582,S01582,3
1583,S01583,0
1584,S01584,1
1585,S01585,4
1586,S01586,4
1587,S01587,0
1588,S01588,2
1589,S01589,4
1590,S01590,1
1591,S01591,3
1592,S01592,2
1593,S01593,3
1594,S01594,2
1595,S01595,1
1596,S01596,3
1597,S01597,1
1598,S01598,3
1599,S01599,2
1600,S01600,1
1601,S01601,2
1602,S01602,2
1603,S01603,3
1604,S01604,3
1605,S01605,1
1606,S01606,4
1607,S01607,0
1608,S01608,3
1609,S01609,2
1610,S01610,0
1611,S01611,1
1612,S01612,0
1613,S01613,0
1614,S01614,4
1615,S01615,4
1616,S01616,0
1617,S01617,4
1618,S01618,4
1619,S01619,0
1620,S01620,3
1621,S01621,4
1622,S01622,0
1623,S01623,3
1624,S01624,4
1625,S01625,0
1626,S01626,4
1627,S01627,3
1628,S01628,0
1629,S01629,3
1630,S01630,2
1631,S01631,1
1632,S01632,2
1633,S01633,4
1634,S01634,3
1635,S01635,0
1636,S01636,3
1637,S01637,4
1638,S01638,0
1639,S01639,2
1640,S01640,3
1641,S01641,1
1642,S01642,4
1643,S01643,4
1644,S01644,3
1645,S01645,2
1646,S01646,2
1647,S01647,1
1648,S01648,1
1649,S01649,3
1650,S01650,0
1651,S01651,2
1652,S01652,0
1653,S01653,0
1654,S01654,3
1655,S01655,1
1656,S01656,0
1657,S01657,3
1658,S01658,1
1659,S01659,0
1660,S01660,0
1661,S01661,1
1662,S01662,1
1663,S01663,4
1664,S01664,4
1665,S01665,3
1666,S01666,3
1667,S01667,2
1668,S01668,4
1669,S01669,1
1670,S01670,4
1671,S01671,3
1672,S01672,3
1673,S01673,3
1674,S01674,1
1675,S01675,0
1676,S01676,3
1677,S01677,4
1678,S01678,0
1679,S01679,4
1680,S01680,3
1681,S01681,1
1682,S01682,0
1683,S01683,0
1684,S01684,3
1685,S01685,3
1686,S01686,3
1687,S01687,2
1688,S01688,1
1689,S01689,1
1690,S01690,3
1691,S01691,2
1692,S01692,3
1693,S01693,3
1694,S01694,1
1695,S01695,2
1696,S01696,1
1697,S01697,3
1698,S01698,4
1699,S01699,0
1700,S01700,3
1701,S01701,2
1702,S01702,4
1703,S01703,2
1704,S01704,3
1705,S01705,3
1706,S01706,0
1707,S01707,2
1708,S01708,4
1709,S01709,0
1710,S01710,2
1711,S01711,3
1712,S01712,0
1713,S01713,3
1714,S01714,1
1715,S01715,1
1716,S01716,0
1717,S01717,0
1718,S01718,2
1719,S01719,4
1720,S01720,4
1721,S01721,1
1722,S01722,1
1723,S01723,1
1724,S01724,3
1725,S01725,4
1726,S01726,0
1727,S01727,1
1728,S01728,2
1729,S01729,0
1730,S01730,0
1731,S01731,0
1732,S01732,4
1733,S01733,1
1734,S01734,2
1735,S01735,3
1736,S01736,2
1737,S01737,2
1738,S01738,2
1739,S01739,3
1740,S01740,2
1741,S01741,2
1742,S01742,1
1743,S01743,1
1744,S01744,1
1745,S01745,0
1746,S01746,2
1747,S01747,4
1748,S01748,4
1749,S01749,4
1750,S01750,3
1751,S01751,1
1752,S01752,1
1753,S01753,1
1754,S01754,3
1755,S01755,2
1756,S01756,0
1757,S01757,1
1758,S01758,2
1759,S01759,4
1760,S01760,0
1761,S01761,4
1762,S01762,2
1763,S01763,2
1764,S01764,4
1765,S01765,0
1766,S01766,4
1767,S01767,4
1768,S01768,4
1769,S01769,0
1770,S01770,3
1771,S01771,0
1772,S01772,4
1773,S01773,1
1774,S01774,1
1775,S01775,2
1776,S01776,3
1777,S01777,2
1778,S01778,2
1779,S01779,1
1780,S01780,0
1781,S01781,2
1782,S01782,2
1783,S01783,3
1784,S01784,1
1785,S01785,0
1786,S01786,3
1787,S01787,0
1788,S01788,0
1789,S01789,2
1790,S01790,3
1791,S01791,2
1792,S01792,4
1793,S01793,0
1794,S01794,3
1795,S01795,1
1796,S01796,2
1797,S01797,4
1798,S01798,4
1799,S01799,4
1800,S01800,2
1801,S01801,1
1802,S01802,3
1803,S01803,0
1804,S01804,1
1805,S01805,2
1806,S01806,3
1807,S01807,0
1808,S01808,3
1809,S01809,0
1810,S01810,0
1811,S01811,4
1812,S01812,2
1813,S01813,1
1814,S01814,4
1815,S01815,4
1816,S01816,3
1817,S01817,0
1818,S01818,0
1819,S01819,3
1820,S01820,2
1821,S01821,0
1822,S01822,4
1823,S01823,4
1824,S01824,0
1825,S01825,0
1826,S01826,2
1827,S01827,0
1828,S01828,2
1829,S01829,4
1830,S01830,2
1831,S01831,0
1832,S01832,1
1833,S01833,0
1834,S01834,1
1835,S01835,4
1836,S01836,3
1837,S01837,4
1838,S01838,4
1839,S01839,4
1840,S01840,2
1841,S01841,4
1842,S01842,3
1843,S01843,0
1844,S01844,1
1845,S01845,4
1846,S01846,1
1847,S01847,4
1848,S01848,2
1849,S01849,1
1850,S01850,4
1851,S01851,4
1852,S01852,3
1853,S01853,3
1854,S01854,3
1855,S01855,2
1856,S01856,1
1857,S01857,2
1858,S01858,0
1859,S01859,4
1860,S01860,4
1861,S01861,4
1862,S01862,3
1863,S01863,4
1864,S01864,3
1865,S01865,0
1866,S01866,2
1867,S01867,2
1868,S01868,2
1869,S01869,3
1870,S01870,1
1871,S01871,1
1872,S01872,0
1873,S01873,1
1874,S01874,0
1875,S01875,4
1876,S01876,2
1877,S01877,3
1878,S01878,0
1879,S01879,3
1880,S01880,3
1881,S01881,2
1882,S01882,4
1883,S01883,4
1884,S01884,1
1885,S01885,4
1886,S01886,2
1887,S01887,3
1888,S01888,0
1889,S01889,0
1890,S01890,4
1891,S01891,1
1892,S01892,0
1893,S01893,1
1894,S01894,0
1895,S01895,1
1896,S01896,1
1897,S01897,3
1898,S01898,2
1899,S01899,0
1900,S01900,4
1901,S01901,2
1902,S01902,3
1903,S01903,3
1904,S01904,3
1905,S01905,4
1906,S01906,0
1907,S01907,0
1908,S01908,1
1909,S01909,1
1910,S01910,1
1911,S01911,4
1912,S01912,2
1913,S01913,0
1914,S01914,1
1915,S01915,4
1916,S01916,4
1917,S01917,1
1918,S01918,3
1919,S01919,3
1920,S01920,3
1921,S01921,1
1922,S01922,4
1923,S01923,4
1924,S01924,0
1925,S01925,3
1926,S01926,1
1927,S01927,0
1928,S01928,4
1929,S01929,0
1930,S01930,3
1931,S01931,2
1932,S01932,3
1933,S01933,3
1934,S01934,1
1935,S01935,2
1936,S01936,2
1937,S01937,2
1938,S01938,4
1939,S01939,0
1940,S01940,4
1941,S01941,2
1942,S01942,1
1943,S01943,3
1944,S01944,3
1945,S01945,4
1946,S01946,4
1947,S01947,1
1948,S01948,3
1949,S01949,4
1950,S01950,0
1951,S01951,4
1952,S01952,4
1953,S01953,2
1954,S01954,0
1955,S01955,0
1956,S01956,1
1957,S01957,2
1958,S01958,0
1959,S01959,2
1960,S01960,2
1961,S01961,3
1962,S01962,0
1963,S01963,3
1964,S01964,4
1965,S01965,4
1966,S01966,3
1967,S01967,4
1968,S01968,3
1969,S01969,1
1970,S01970,2
1971,S01971,1
1972,S01972,0
1973,S01973,1
1974,S01974,1
1975,S01975,4
1976,S01976,3
1977,S01977,0
1978,S01978,4
1979,S01979,0
1980,S01980,2
1981,S01981,3
1982,S01982,4
1983,S01983,1
1984,S01984,2
1985,S01985,1
1986,S01986,0
1987,S01987,2
1988,S01988,4
1989,S01989,1
1990,S01990,1
1991,S01991,0
1992,S01992,0
1993,S01993,3
1994,S01994,3
1995,S01995,0
1996,S01996,3
1997,S01997,1
1998,S01998,0
1999,S01999,2
2000,S02000,0
2001,S02001,4
2002,S02002,4
2003,S02003,0
2004,S02004,2
2005,S02005,0
2006,S02006,2
2007,S02007,1
2008,S02008,1
2009,S02009,2
2010,S02010,3
2011,S02011,1
2012,S02012,4
2013,S02013,0
2014,S02014,3
2015,S02015,4
2016,S02016,0
2017,S02017,4
2018,S02018,3
2019,S02019,2
2020,S02020,0
2021,S02021,4
2022,S02022,4
2023,S02023,3
2024,S02024,3
2025,S02025,3
2026,S02026,2
2027,S02027,1
2028,S02028,4
2029,S02029,2
2030,S02030,4
2031,S02031,2
2032,S02032,0
2033,S02033,1
2034,S02034,4
2035,S02035,3
2036,S02036,1
2037,S02037,4
2038,S02038,0
2039,S02039,4
2040,S02040,4
2041,S02041,4
2042,S02042,1
2043,S02043,4
2044,S02044,3
2045,S02045,2
2046,S02046,3
2047,S02047,0
2048,S02048,1
2049,S02049,2
2050,S02050,1
2051,S02051,1
2052,S02052,4
2053,S02053,3
2054,S02054,2
2055,S02055,4
2056,S02056,2
2057,S02057,3
2058,S02058,4
2059,S02059,2
2060,S02060,4
2061,S02061,1
2062,S02062,0
2063,S02063,2
2064,S02064,3
2065,S02065,2
2066,S02066,0
2067,S02067,2
2068,S02068,2
2069,S02069,2
2070,S02070,3
2071,S02071,0
2072,S02072,0
2073,S02073,3
2074,S02074,2
2075,S02075,2
2076,S02076,0
2077,S02077,2
2078,S02078,1
2079,S02079,2
2080,S02080,2
2081,S02081,4
2082,S02082,0
2083,S02083,0
2084,S02084,1
2085,S02085,1
2086,S02086,1
2087,S02087,0
2088,S02088,4
2089,S02089,4
2090,S02090,3
2091,S02091,0
2092,S02092,3
2093,S02093,2
2094,S02094,1
2095,S02095,3
2096,S02096,3
2097,S02097,0
2098,S02098,1
2099,S02099,1
2100,S02100,4
2101,S02101,3
2102,S02102,4
2103,S02103,3
2104,S02104,0
2105,S02105,0
2106,S02106,2
2107,S02107,3
2108,S02108,3
2109,S02109,1
2110,S02110,1
2111,S02111,4
2112,S02112,2
2113,S02113,0
2114,S02114,3
2115,S02115,4
2116,S02116,2
2117,S02117,1
2118,S02118,2
2119,S02119,4
2120,S02120,0
2121,S02121,1
2122,S02122,1
2123,S02123,0
2124,S02124,1
2125,S02125,4
2126,S02126,1
2127,S02127,3
2128,S02128,2
2129,S02129,4
2130,S02130,0
2131,S02131,4
2132,S02132,3
2133,S02133,1
2134,S02134,1
2135,S02135,4
2136,S02136,1
2137,S02137,1
2138,S02138,3
2139,S02139,0
2140,S02140,2
2141,S02141,4
2142,S02142,0
2143,S02143,2
2144,S02144,0
2145,S02145,4
2146,S02146,3
2147,S02147,3
2148,S02148,3
2149,S02149,0
2150,S02150,4
2151,S02151,1
2152,S02152,1
2153,S02153,3
2154,S02154,0
2155,S02155,1
2156,S02156,0
2157,S02157,4
2158,S02158,3
2159,S02159,2
2160,S02160,3
2161,S02161,2
2162,S02162,1
2163,S02163,2
2164,S02164,0
2165,S02165,2
2166,S02166,1
2167,S02167,1
2168,S02168,3
2169,S02169,1
2170,S02170,0
2171,S02171,2
2172,S02172,4
2173,S02173,1
2174,S02174,2
2175,S02175,3
2176,S02176,4
2177,S02177,3
2178,S02178,0
2179,S02179,3
2180,S02180,2
2181,S02181,4
2182,S02182,3
2183,S02183,3
2184,S02184,0
2185,S02185,2
2186,S02186,3
2187,S02187,2
2188,S02188,1
2189,S02189,0
2190,S02190,0
2191,S02191,0
2192,S02192,2
2193,S02193,3
2194,S02194,3
2195,S02195,2
2196,S02196,2
2197,S02197,1
2198,S02198,4
2199,S02199,4
2200,S02200,0
2201,S02201,3
2202,S02202,0
2203,S02203,3
2204,S02204,3
2205,S02205,1
2206,S02206,2
2207,S02207,2
2208,S02208,2
2209,S02209,4
2210,S02210,2
2211,S02211,4
2212,S02212,0
2213,S02213,4
2214,S02214,3
2215,S02215,1
2216,S02216,1
2217,S02217,3
2218,S02218,0
2219,S02219,1
2220,S02220,3
2221,S02221,1
2222,S02222,4
2223,S02223,1
2224,S02224,4
2225,S02225,4
2226,S02226,1
2227,S02227,1
2228,S02228,4
2229,S02229,1
2230,S02230,0
2231,S02231,2
2232,S02232,2
2233,S02233,3
2234,S02234,2
2235,S02235,0
2236,S02236,2
2237,S02237,2
2238,S02238,0
2239,S02239,4
2240,S02240,2
2241,S02241,3
2242,S02242,2
2243,S02243,2
2244,S02244,0
2245,S02245,0
2246,S02246,3
2247,S02247,1
2248,S02248,0
2249,S02249,1
2250,S02250,3
2251,S02251,2
2252,S02252,2
2253,S02253,1
2254,S02254,3
2255,S02255,3
2256,S02256,0
2257,S02257,1
2258,S02258,0
2259,S02259,1
2260,S02260,0
2261,S02261,0
2262,S02262,3
2263,S02263,3
2264,S02264,2
2265,S02265,2
2266,S02266,3
2267,S02267,3
2268,S02268,0
2269,S02269,2
2270,S02270,3
2271,S02271,1
2272,S02272,1
2273,S02273,2
2274,S02274,1
2275,S02275,0
2276,S02276,2
2277,S02277,3
2278,S02278,1
2279,S02279,0
2280,S02280,3
2281,S02281,4
2282,S02282,0
2283,S02283,1
2284,S02284,0
2285,S02285,4
2286,S02286,4
2287,S02287,0
2288,S02288,3
2289,S02289,3
2290,S02290,4
2291,S02291,2
2292,S02292,2
2293,S02293,3
2294,S02294,2
2295,S02295,3
2296,S02296,1
2297,S02297,3
2298,S02298,1
2299,S02299,4
2300,S02300,2
2301,S02301,4
2302,S02302,0
2303,S02303,0
2304,S02304,4
2305,S02305,3
2306,S02306,3
2307,S02307,2
2308,S02308,4
2309,S02309,0
2310,S02310,4
2311,S02311,4
2312,S02312,2
2313,S02313,3
2314,S02314,0
2315,S02315,2
2316,S02316,0
2317,S02317,0
2318,S02318,3
2319,S02319,3
2320,S02320,2
2321,S02321,1
2322,S02322,2
2323,S02323,2
2324,S02324,1
2325,S02325,0
2326,S02326,4
2327,S02327,1
2328,S02328,4
2329,S02329,0
2330,S02330,1
2331,S02331,3
2332,S02332,2
2333,S02333,1
2334,S02334,1
2335,S02335,0
2336,S02336,3
2337,S02337,1
2338,S02338,3
2339,S02339,4
2340,S02340,1
2341,S02341,3
2342,S02342,2
2343,S02343,0
2344,S02344,3
2345,S02345,0
2346,S02346,1
2347,S02347,1
2348,S02348,4
2349,S02349,0
2350,S02350,2
2351,S02351,2
2352,S02352,3
2353,S02353,2
2354,S02354,0
2355,S02355,1
2356,S02356,0
2357,S02357,0
2358,S02358,1
2359,S02359,0
2360,S02360,2
2361,S02361,3
2362,S02362,3
2363,S02363,0
2364,S02364,1
2365,S02365,4
2366,S02366,0
2367,S02367,0
2368,S02368,4
2369,S02369,3
2370,S02370,3
2371,S02371,4
2372,S02372,1
2373,S02373,0
2374,S02374,2
2375,S02375,3
2376,S02376,3
2377,S02377,3
2378,S02378,1
2379,S02379,4
2380,S02380,1
2381,S02381,3
2382,S02382,0
2383,S02383,3
2384,S02384,0
2385,S02385,0
2386,S02386,3
2387,S02387,3
2388,S02388,0
2389,S02389,1
2390,S02390,1
2391,S02391,1
2392,S02392,2
2393,S02393,0
2394,S02394,2
2395,S02395,2
2396,S02396,0
2397,S02397,2
2398,S02398,0
2399,S02399,4
2400,S02400,4
2401,S02401,0
2402,S02402,0
2403,S02403,0
2404,S02404,1
2405,S02405,0
2406,S02406,3
2407,S02407,4
2408,S02408,4
2409,S02409,0
2410,S02410,4
2411,S02411,0
2412,S02412,0
2413,S02413,4
2414,S02414,4
2415,S02415,3
2416,S02416,2
2417,S02417,3
2418,S02418,3
2419,S02419,4
2420,S02420,3
2421,S02421,4
2422,S02422,1
2423,S02423,0
2424,S02424,2
2425,S02425,1
2426,S02426,0
2427,S02427,0
2428,S02428,2
2429,S02429,3
2430,S02430,0
2431,S02431,2
2432,S02432,4
2433,S02433,0
2434,S02434,0
2435,S02435,3
2436,S02436,3
2437,S02437,4
2438,S02438,0
2439,S02439,3
2440,S02440,2
2441,S02441,0
2442,S02442,2
2443,S02443,1
2444,S02444,4
2445,S02445,3
2446,S02446,1
2447,S02447,3
2448,S02448,1
2449,S02449,3
2450,S02450,4
2451,S02451,0
2452,S02452,2
2453,S02453,1
2454,S02454,2
2455,S02455,2
2456,S02456,3
2457,S02457,0
2458,S02458,3
2459,S02459,2
2460,S02460,4
2461,S02461,0
2462,S02462,0
2463,S02463,2
2464,S02464,3
2465,S02465,4
2466,S02466,1
2467,S02467,3
2468,S02468,0
2469,S02469,3
2470,S02470,1
2471,S02471,4
2472,S02472,4
2473,S02473,1
2474,S02474,1
2475,S02475,2
2476,S02476,0
2477,S02477,2
2478,S02478,3
2479,S02479,1
2480,S02480,2
2481,S02481,0
2482,S02482,0
2483,S02483,1
2484,S02484,2
2485,S02485,4
2486,S02486,1
2487,S02487,3
2488,S02488,2
2489,S02489,2
2490,S02490,1
2491,S02491,2
2492,S02492,2
2493,S02493,3
2494,S02494,3
2495,S02495,4
2496,S02496,3
2497,S02497,4
2498,S02498,3
2499,S02499,4
2500,S02500,3
2501,S02501,3
2502,S02502,1
2503,S02503,3
2504,S02504,4
2505,S02505,1
2506,S02506,4
2507,S02507,3
2508,S02508,3
2509,S02509,4
2510,S02510,2
2511,S02511,1
2512,S02512,1
2513,S02513,3
2514,S02514,1
2515,S02515,4
2516,S02516,3
2517,S02517,1
2518,S02518,0
2519,S02519,1
2520,S02520,4
2521,S02521,1
2522,S02522,2
2523,S02523,2
2524,S02524,3
2525,S02525,2
2526,S02526,4
2527,S02527,0
2528,S02528,0
2529,S02529,3
2530,S02530,3
2531,S02531,2
2532,S02532,4
2533,S02533,2
2534,S02534,4
2535,S02535,4
2536,S02536,0
2537,S02537,4
2538,S02538,1
2539,S02539,4
2540,S02540,0
2541,S02541,2
2542,S02542,4
2543,S02543,1
2544,S02544,3
2545,S02545,2
2546,S02546,3
2547,S02547,1
2548,S02548,0
2549,S02549,0
2550,S02550,2
2551,S02551,4
2552,S02552,4
2553,S02553,3
2554,S02554,0
2555,S02555,4
2556,S02556,4
2557,S02557,0
2558,S02558,0
2559,S02559,1
2560,S02560,3
2561,S02561,0
2562,S02562,1
2563,S02563,0
2564,S02564,2
2565,S02565,2
2566,S02566,2
2567,S02567,0
2568,S02568,4
2569,S02569,4
2570,S02570,2
2571,S02571,3
2572,S02572,1
2573,S02573,2
2574,S02574,1
2575,S02575,1
2576,S02576,2
2577,S02577,4
2578,S02578,3
2579,S02579,2
2580,S02580,1
2581,S02581,0
2582,S02582,0
2583,S02583,1
2584,S02584,2
2585,S02585,4
2586,S02586,2
2587,S02587,3
2588,S02588,0
2589,S02589,1
2590,S02590,4
2591,S02591,2
2592,S02592,3
2593,S02593,2
2594,S02594,3
2595,S02595,2
2596,S02596,4
2597,S02597,4
2598,S02598,1
2599,S02599,4
2600,S02600,3
2601,S02601,1
2602,S02602,4
2603,S02603,0
2604,S02604,3
2605,S02605,1
2606,S02606,3
2607,S02607,1
2608,S02608,3
2609,S02609,0
2610,S02610,4
2611,S02611,2
2612,S02612,2
2613,S02613,2
2614,S02614,1
2615,S02615,4
2616,S02616,1
2617,S02617,1
2618,S02618,1
2619,S02619,1
2620,S02620,4
2621,S02621,2
2622,S02622,3
2623,S02623,1
2624,S02624,4
2625,S02625,0
2626,S02626,3
2627,S02627,1
2628,S02628,1
2629,S02629,3
2630,S02630,3
2631,S02631,1
2632,S02632,4
2633,S02633,0
2634,S02634,4
2635,S02635,2
2636,S02636,2
2637,S02637,2
2638,S02638,1
2639,S02639,0
2640,S02640,0
2641,S02641,1
2642,S02642,1
2643,S02643,1
2644,S02644,0
2645,S02645,1
2646,S02646,3
2647,S02647,3
2648,S02648,3
2649,S02649,1
2650,S02650,3
2651,S02651,1
2652,S02652,3
2653,S02653,1
2654,S02654,4
2655,S02655,2
2656,S02656,4
2657,S02657,2
2658,S02658,2
2659,S02659,3
2660,S02660,2
2661,S02661,2
2662,S02662,4
2663,S02663,2
2664,S02664,1
2665,S02665,1
2666,S02666,3
2667,S02667,4
2668,S02668,0
2669,S02669,4
2670,S02670,0
2671,S02671,2
2672,S02672,0
2673,S02673,2
2674,S02674,4
2675,S02675,4
2676,S02676,3
2677,S02677,3
2678,S02678,2
2679,S02679,2
2680,S02680,1
2681,S02681,1
2682,S02682,1
2683,S02683,4
2684,S02684,0
2685,S02685,2
2686,S02686,3
2687,S02687,2
2688,S02688,0
2689,S02689,2
2690,S02690,3
2691,S02691,3
2692,S02692,0
2693,S02693,3
2694,S02694,4
2695,S02695,3
2696,S02696,0
2697,S02697,0
2698,S02698,2
2699,S02699,3
2700,S02700,3
2701,S02701,0
2702,S02702,2
2703,S02703,2
2704,S02704,4
2705,S02705,4
2706,S02706,0
2707,S02707,2
2708,S02708,2
2709,S02709,4
2710,S02710,4
2711,S02711,0
2712,S02712,2
2713,S02713,0
2714,S02714,4
2715,S02715,3
2716,S02716,4
2717,S02717,2
2718,S02718,0
2719,S02719,2
2720,S02720,4
2721,S02721,4
2722,S02722,1
2723,S02723,4
2724,S02724,2
2725,S02725,0
2726,S02726,0
2727,S02727,1
2728,S02728,2
2729,S02729,4
2730,S02730,3
2731,S02731,0
2732,S02732,2
2733,S02733,1
2734,S02734,3
2735,S02735,2
2736,S02736,4
2737,S02737,0
2738,S02738,4
2739,S02739,1
2740,S02740,0
2741,S02741,3
2742,S02742,0
2743,S02743,4
2744,S02744,2
2745,S02745,2
2746,S02746,2
2747,S02747,1
2748,S02748,1
2749,S02749,2
2750,S02750,3
2751,S02751,4
2752,S02752,3
2753,S02753,2
2754,S02754,4
2755,S02755,1
2756,S02756,0
2757,S02757,0
2758,S02758,4
2759,S02759,3
2760,S02760,4
2761,S02761,3
2762,S02762,3
2763,S02763,0
2764,S02764,1
2765,S02765,2
2766,S02766,1
2767,S02767,2
2768,S02768,0
2769,S02769,2
2770,S02770,3
2771,S02771,4
2772,S02772,2
2773,S02773,1
2774,S02774,0
2775,S02775,0
2776,S02776,4
2777,S02777,3
2778,S02778,3
2779,S02779,0
2780,S02780,3
2781,S02781,4
2782,S02782,0
2783,S02783,3
2784,S02784,2
2785,S02785,2
2786,S02786,3
2787,S02787,2
2788,S02788,4
2789,S02789,1
2790,S02790,4
2791,S02791,4
2792,S02792,3
2793,S02793,4
2794,S02794,3
2795,S02795,0
2796,S02796,3
2797,S02797,3
2798,S02798,0
2799,S02799,1
2800,S02800,0
2801,S02801,3
2802,S02802,2
2803,S02803,3
2804,S02804,0
2805,S02805,3
2806,S02806,0
2807,S02807,4
2808,S02808,1
2809,S02809,1
2810,S02810,0
2811,S02811,1
2812,S02812,2
2813,S02813,2
2814,S02814,1
2815,S02815,0
2816,S02816,2
2817,S02817,1
2818,S02818,3
2819,S02819,2
2820,S02820,4
2821,S02821,2
2822,S02822,1
2823,S02823,1
2824,S02824,1
2825,S02825,0
2826,S02826,0
2827,S02827,3
2828,S02828,3
2829,S02829,2
2830,S02830,1
2831,S02831,3
2832,S02832,1
2833,S02833,2
2834,S02834,0
2835,S02835,3
2836,S02836,4
2837,S02837,4
2838,S02838,4
2839,S02839,4
2840,S02840,4
2841,S02841,4
2842,S02842,4
2843,S02843,3
2844,S02844,4
2845,S02845,4
2846,S02846,2
2847,S02847,3
2848,S02848,2
2849,S02849,1
2850,S02850,4
2851,S02851,0
2852,S02852,4
2853,S02853,4
2854,S02854,2
2855,S02855,1
2856,S02856,2
2857,S02857,3
2858,S02858,1
2859,S02859,1
2860,S02860,1
2861,S02861,2
2862,S02862,4
2863,S02863,4
2864,S02864,4
2865,S02865,4
2866,S02866,4
2867,S02867,3
2868,S02868,0
2869,S02869,1
2870,S02870,0
2871,S02871,3
2872,S02872,4
2873,S02873,3
2874,S02874,3
2875,S02875,0
2876,S02876,1
2877,S02877,2
2878,S02878,2
2879,S02879,1
2880,S02880,4
2881,S02881,3
2882,S02882,4
2883,S02883,3
2884,S02884,2
2885,S02885,1
2886,S02886,0
2887,S02887,0
2888,S02888,1
2889,S02889,2
2890,S02890,3
2891,S02891,0
2892,S02892,2
2893,S02893,1
2894,S02894,4
2895,S02895,2
2896,S02896,2
2897,S02897,4
2898,S02898,2
2899,S02899,0
2900,S02900,0
2901,S02901,0
2902,S02902,2
2903,S02903,2
2904,S02904,2
2905,S02905,1
2906,S02906,4
2907,S02907,2
2908,S02908,4
2909,S02909,3
2910,S02910,0
2911,S02911,1
2912,S02912,4
2913,S02913,0
2914,S02914,1
2915,S02915,0
2916,S02916,2
2917,S02917,2
2918,S02918,0
2919,S02919,1
2920,S02920,0
2921,S02921,3
2922,S02922,1
2923,S02923,1
2924,S02924,0
2925,S02925,4
2926,S02926,0
2927,S02927,4
2928,S02928,1
2929,S02929,2
2930,S02930,2
2931,S02931,0
2932,S02932,4
2933,S02933,0
2934,S02934,3
2935,S02935,0
2936,S02936,0
2937,S02937,0
2938,S02938,0
2939,S02939,4
2940,S02940,4
2941,S02941,4
2942,S02942,3
2943,S02943,3
2944,S02944,0
2945,S02945,4
2946,S02946,3
2947,S02947,2
2948,S02948,0
2949,S02949,1
2950,S02950,4
2951,S02951,0
2952,S02952,0
2953,S02953,1
2954,S02954,2
2955,S02955,3
2956,S02956,3
2957,S02957,1
2958,S02958,1
2959,S02959,3
2960,S02960,2
2961,S02961,2
2962,S02962,0
2963,S02963,1
2964,S02964,1
2965,S02965,1
2966,S02966,3
2967,S02967,3
2968,S02968,3
2969,S02969,2
2970,S02970,3
2971,S02971,0
2972,S02972,3
2973,S02973,2
2974,S02974,1
2975,S02975,0
2976,S02976,2
2977,S02977,4
2978,S02978,1
2979,S02979,3
2980,S02980,2
2981,S02981,4
2982,S02982,2
2983,S02983,3
2984,S02984,2
2985,S02985,4
2986,S02986,2
2987,S02987,0
2988,S02988,0
2989,S02989,3
2990,S02990,4
2991,S02991,4
2992,S02992,4
2993,S02993,4
2994,S02994,4
2995,S02995,1
2996,S02996,2
2997,S02997,4
2998,S02998,0
2999,S02999,2
3000,S03000,3
3001,S03001,3
3002,S03002,4
3003,S03003,1
3004,S03004,1
3005,S03005,2
3006,S03006,1
3007,S03007,3
3008,S03008,4
3009,S03009,0
3010,S03010,3
3011,S03011,3
3012,S03012,2
3013,S03013,1
3014,S03014,0
3015,S03015,0
3016,S03016,1
3017,S03017,4
3018,S03018,1
3019,S03019,4
3020,S03020,0
3021,S03021,2
3022,S03022,3
3023,S03023,0
3024,S03024,0
3025,S03025,0
3026,S03026,3
3027,S03027,4
3028,S03028,2
3029,S03029,2
3030,S03030,2
3031,S03031,4
3032,S03032,1
3033,S03033,1
3034,S03034,2
3035,S03035,0
3036,S03036,0
3037,S03037,3
3038,S03038,1
3039,S03039,0
3040,S03040,2
3041,S03041,3
3042,S03042,1
3043,S03043,3
3044,S03044,0
3045,S03045,2
3046,S03046,2
3047,S03047,2
3048,S03048,0
3049,S03049,4
3050,S03050,2
3051,S03051,4
3052,S03052,2
3053,S03053,4
3054,S03054,1
3055,S03055,1
3056,S03056,2
3057,S03057,3
3058,S03058,3
3059,S03059,0
3060,S03060,1
3061,S03061,1
3062,S03062,3
3063,S03063,2
3064,S03064,0
3065,S03065,1
3066,S03066,0
3067,S03067,1
3068,S03068,4
3069,S03069,4
3070,S03070,0
3071,S03071,3
3072,S03072,3
3073,S03073,1
3074,S03074,4
3075,S03075,4
3076,S03076,0
3077,S03077,0
3078,S03078,3
3079,S03079,3
3080,S03080,3
3081,S03081,2
3082,S03082,4
3083,S03083,4
3084,S03084,0
3085,S03085,4
3086,S03086,0
3087,S03087,2
3088,S03088,3
3089,S03089,2
3090,S03090,3
3091,S03091,3
3092,S03092,0
3093,S03093,3
3094,S03094,2
3095,S03095,1
3096,S03096,0
3097,S03097,3
3098,S03098,3
3099,S03099,4
3100,S03100,0
3101,S03101,0
3102,S03102,2
3103,S03103,1
3104,S03104,2
3105,S03105,2
3106,S03106,2
3107,S03107,1
3108,S03108,2
3109,S03109,0
3110,S03110,1
3111,S03111,3
3112,S03112,4
3113,S03113,4
3114,S03114,0
3115,S03115,4
3116,S03116,4
3117,S03117,4
3118,S03118,3
3119,S03119,4
3120,S03120,2
3121,S03121,0
3122,S03122,0
3123,S03123,0
3124,S03124,3
3125,S03125,3
3126,S03126,4
3127,S03127,2
3128,S03128,4
3129,S03129,0
3130,S03130,2
3131,S03131,0
3132,S03132,2
3133,S03133,1
3134,S03134,3
3135,S03135,3
3136,S03136,0
3137,S03137,0
3138,S03138,1
3139,S03139,4
3140,S03140,2
3141,S03141,1
3142,S03142,1
3143,S03143,0
3144,S03144,0
3145,S03145,4
3146,S03146,4
3147,S03147,0
3148,S03148,3
3149,S03149,4
3150,S03150,1
3151,S03151,0
3152,S03152,2
3153,S03153,2
3154,S03154,3
3155,S03155,0
3156,S03156,1
3157,S03157,3
3158,S03158,1
3159,S03159,2
3160,S03160,1
3161,S03161,2
3162,S03162,4
3163,S03163,2
3164,S03164,2
3165,S03165,3
3166,S03166,3
3167,S03167,0
3168,S03168,0
3169,S03169,2
3170,S03170,4
3171,S03171,0
3172,S03172,2
3173,S03173,3
3174,S03174,0
3175,S03175,0
3176,S03176,2
3177,S03177,2
3178,S03178,1
3179,S03179,1
3180,S03180,4
3181,S03181,0
3182,S03182,1
3183,S03183,2
3184,S03184,0
3185,S03185,1
3186,S03186,4
3187,S03187,4
3188,S03188,4
3189,S03189,4
3190,S03190,2
3191,S03191,4
3192,S03192,3
3193,S03193,4
3194,S03194,1
3195,S03195,0
3196,S03196,1
3197,S03197,0
3198,S03198,2
3199,S03199,0
3200,S03200,3
3201,S03201,4
3202,S03202,1
3203,S03203,0
3204,S03204,1
3205,S03205,4
3206,S03206,2
3207,S03207,4
3208,S03208,2
3209,S03209,1
3210,S03210,2
3211,S03211,2
3212,S03212,2
3213,S03213,2
3214,S03214,2
3215,S03215,0
3216,S03216,2
3217,S03217,2
3218,S03218,4
3219,S03219,4
3220,S03220,4
3221,S03221,2
3222,S03222,4
3223,S03223,0
3224,S03224,1
3225,S03225,4
3226,S03226,4
3227,S03227,0
3228,S03228,3
3229,S03229,3
3230,S03230,0
3231,S03231,4
3232,S03232,1
3233,S03233,4
3234,S03234,0
3235,S03235,0
3236,S03236,2
3237,S03237,0
3238,S03238,2
3239,S03239,0
3240,S03240,2
3241,S03241,2
3242,S03242,4
3243,S03243,2
3244,S03244,3
3245,S03245,0
3246,S03246,1
3247,S03247,0
3248,S03248,4
3249,S03249,4
3250,S03250,2
3251,S03251,4
3252,S03252,4
3253,S03253,0
3254,S03254,3
3255,S03255,3
3256,S03256,2
3257,S03257,4
3258,S03258,4
3259,S03259,3
3260,S03260,2
3261,S03261,4
3262,S03262,2
3263,S03263,0
3264,S03264,4
3265,S03265,4
3266,S03266,4
3267,S03267,3
3268,S03268,3
3269,S03269,4
3270,S03270,4
3271,S03271,0
3272,S03272,0
3273,S03273,2
3274,S03274,2
3275,S03275,3
3276,S03276,1
3277,S03277,0
3278,S03278,2
3279,S03279,0
3280,S03280,0
3281,S03281,1
3282,S03282,0
3283,S03283,1
3284,S03284,1
3285,S03285,0
3286,S03286,0
3287,S03287,2
3288,S03288,0
3289,S03289,0
3290,S03290,0
3291,S03291,2
3292,S03292,1
3293,S03293,2
3294,S03294,0
3295,S03295,4
3296,S03296,0
3297,S03297,2
3298,S03298,2
3299,S03299,3
3300,S03300,4
3301,S03301,2
3302,S03302,1
3303,S03303,0
3304,S03304,1
3305,S03305,2
3306,S03306,2
3307,S03307,1
3308,S03308,1
3309,S03309,3
3310,S03310,0
3311,S03311,1
3312,S03312,0
3313,S03313,4
3314,S03314,2
3315,S03315,1
3316,S03316,4
3317,S03317,2
3318,S03318,3
3319,S03319,2
3320,S03320,1
3321,S03321,4
3322,S03322,4
3323,S03323,4
3324,S03324,2
3325,S03325,0
3326,S03326,0
3327,S03327,2
3328,S03328,1
3329,S03329,2
3330,S03330,0
3331,S03331,2
3332,S03332,4
3333,S03333,1
3334,S03334,1
3335,S03335,3
3336,S03336,2
3337,S03337,4
3338,S03338,2
3339,S03339,3
3340,S03340,3
3341,S03341,2
3342,S03342,2
3343,S03343,2
3344,S03344,0
3345,S03345,3
3346,S03346,1
3347,S03347,0
3348,S03348,4
3349,S03349,1
3350,S03350,1
3351,S03351,1
3352,S03352,3
3353,S03353,4
3354,S03354,0
3355,S03355,4
3356,S03356,0
3357,S03357,3
3358,S03358,4
3359,S03359,1
3360,S03360,4
3361,S03361,3
3362,S03362,3
3363,S03363,3
3364,S03364,0
3365,S03365,4
3366,S03366,1
3367,S03367,1
3368,S03368,2
3369,S03369,3
3370,S03370,1
3371,S03371,3
3372,S03372,1
3373,S03373,4
3374,S03374,2
3375,S03375,3
3376,S03376,0
3377,S03377,0
3378,S03378,1
3379,S03379,4
3380,S03380,3
3381,S03381,2
3382,S03382,4
3383,S03383,1
3384,S03384,4
3385,S03385,2
3386,S03386,4
3387,S03387,3
3388,S03388,1
3389,S03389,2
3390,S03390,1
3391,S03391,3
3392,S03392,2
3393,S03393,2
3394,S03394,1
3395,S03395,4
3396,S03396,4
3397,S03397,0
3398,S03398,0
3399,S03399,2
3400,S03400,1
3401,S03401,2
3402,S03402,1
3403,S03403,3
3404,S03404,0
3405,S03405,2
3406,S03406,3
3407,S03407,4
3408,S03408,0
3409,S03409,1
3410,S03410,4
3411,S03411,4
3412,S03412,3
3413,S03413,2
3414,S03414,2
3415,S03415,3
3416,S03416,4
3417,S03417,0
3418,S03418,4
3419,S03419,3
3420,S03420,4
3421,S03421,4
3422,S03422,4
3423,S03423,4
3424,S03424,0
3425,S03425,1
3426,S03426,1
3427,S03427,2
3428,S03428,1
3429,S03429,1
3430,S03430,1
3431,S03431,4
3432,S03432,4
3433,S03433,0
3434,S03434,4
3435,S03435,4
3436,S03436,1
3437,S03437,0
3438,S03438,0
3439,S03439,1
3440,S03440,1
3441,S03441,0
3442,S03442,3
3443,S03443,1
3444,S03444,1
3445,S03445,0
3446,S03446,3
3447,S03447,3
3448,S03448,2
3449,S03449,3
3450,S03450,1
3451,S03451,4
3452,S03452,0
3453,S03453,1
3454,S03454,0
3455,S03455,3
3456,S03456,0
3457,S03457,1
3458,S03458,4
3459,S03459,1
3460,S03460,2
3461,S03461,0
3462,S03462,1
3463,S03463,3
3464,S03464,3
3465,S03465,1
3466,S03466,2
3467,S03467,0
3468,S03468,2
3469,S03469,4
3470,S03470,1
3471,S03471,2
3472,S03472,4
3473,S03473,2
3474,S03474,4
3475,S03475,3
3476,S03476,3
3477,S03477,1
3478,S03478,2
3479,S03479,3
3480,S03480,0
3481,S03481,3
3482,S03482,3
3483,S03483,2
3484,S03484,4
3485,S03485,0
3486,S03486,0
3487,S03487,4
3488,S03488,2
3489,S03489,3
3490,S03490,4
3491,S03491,0
3492,S03492,0
3493,S03493,3
3494,S03494,3
3495,S03495,1
3496,S03496,4
3497,S03497,3
3498,S03498,1
3499,S03499,2
3500,S03500,0
3501,S03501,4
3502,S03502,2
3503,S03503,4
3504,S03504,4
3505,S03505,3
3506,S03506,1
3507,S03507,4
3508,S03508,2
3509,S03509,4
3510,S03510,1
3511,S03511,0
3512,S03512,4
3513,S03513,2
3514,S03514,0
3515,S03515,0
3516,S03516,3
3517,S03517,3
3518,S03518,4
3519,S03519,2
3520,S03520,3
3521,S03521,1
3522,S03522,1
3523,S03523,0
3524,S03524,0
3525,S03525,0
3526,S03526,1
3527,S03527,3
3528,S03528,3
3529,S03529,4
3530,S03530,2
3531,S03531,1
3532,S03532,0
3533,S03533,2
3534,S03534,0
3535,S03535,2
3536,S03536,2
3537,S03537,3
3538,S03538,4
3539,S03539,4
3540,S03540,0
3541,S03541,1
3542,S03542,4
3543,S03543,1
3544,S03544,0
3545,S03545,1
3546,S03546,2
3547,S03547,2
3548,S03548,0
3549,S03549,1
3550,S03550,1
3551,S03551,0
3552,S03552,4
3553,S03553,3
3554,S03554,4
3555,S03555,3
3556,S03556,1
3557,S03557,3
3558,S03558,3
3559,S03559,1
3560,S03560,2
3561,S03561,3
3562,S03562,0
3563,S03563,4
3564,S03564,1
3565,S03565,1
3566,S03566,3
3567,S03567,2
3568,S03568,2
3569,S03569,4
3570,S03570,4
3571,S03571,2
3572,S03572,2
3573,S03573,2
3574,S03574,3
3575,S03575,0
3576,S03576,4
3577,S03577,1
3578,S03578,2
3579,S03579,2
3580,S03580,0
3581,S03581,2
3582,S03582,4
3583,S03583,2
3584,S03584,0
3585,S03585,3
3586,S03586,4
3587,S03587,3
3588,S03588,1
3589,S03589,0
3590,S03590,1
3591,S03591,1
3592,S03592,1
3593,S03593,1
3594,S03594,0
3595,S03595,3
3596,S03596,2
3597,S03597,1
3598,S03598,2
3599,S03599,2
3600,S03600,1
3601,S03601,4
3602,S03602,2
3603,S03603,4
3604,S03604,3
3605,S03605,2
3606,S03606,0
3607,S03607,3
3608,S03608,3
3609,S03609,4
3610,S03610,1
3611,S03611,0
3612,S03612,0
3613,S03613,4
3614,S03614,4
3615,S03615,3
3616,S03616,4
3617,S03617,1
3618,S03618,3
3619,S03619,3
3620,S03620,3
3621,S03621,0
3622,S03622,0
3623,S03623,3
3624,S03624,1
3625,S03625,2
3626,S03626,3
3627,S03627,4
3628,S03628,2
3629,S03629,0
3630,S03630,0
3631,S03631,2
3632,S03632,4
3633,S03633,0
3634,S03634,0
3635,S03635,3
3636,S03636,1
3637,S03637,4
3638,S03638,3
3639,S03639,1
3640,S03640,0
3641,S03641,1
3642,S03642,0
3643,S03643,3
3644,S03644,0
3645,S03645,1
3646,S03646,3
3647,S03647,1
3648,S03648,1
3649,S03649,2
3650,S03650,0
3651,S03651,0
3652,S03652,1
3653,S03653,0
3654,S03654,4
3655,S03655,0
3656,S03656,3
3657,S03657,0
3658,S03658,4
3659,S03659,1
3660,S03660,0
3661,S03661,3
3662,S03662,4
3663,S03663,2
3664,S03664,1
3665,S03665,1
3666,S03666,1
3667,S03667,4
3668,S03668,0
3669,S03669,0
3670,S03670,0
3671,S03671,0
3672,S03672,1
3673,S03673,2
3674,S03674,1
3675,S03675,2
3676,S03676,2
3677,S03677,0
3678,S03678,3
3679,S03679,4
3680,S03680,3
3681,S03681,2
3682,S03682,3
3683,S03683,2
3684,S03684,1
3685,S03685,1
3686,S03686,0
3687,S03687,4
3688,S03688,1
3689,S03689,4
3690,S03690,0
3691,S03691,4
3692,S03692,1
3693,S03693,1
3694,S03694,3
3695,S03695,3
3696,S03696,3
3697,S03697,4
3698,S03698,1
3699,S03699,0
3700,S03700,2
3701,S03701,1
3702,S03702,3
3703,S03703,3
3704,S03704,4
3705,S03705,3
3706,S03706,4
3707,S03707,0
3708,S03708,3
3709,S03709,4
3710,S03710,3
3711,S03711,4
3712,S03712,1
3713,S03713,4
3714,S03714,2
3715,S03715,0
3716,S03716,1
3717,S03717,0
3718,S03718,1
3719,S03719,3
3720,S03720,4
3721,S03721,3
3722,S03722,0
3723,S03723,0
3724,S03724,1
3725,S03725,0
3726,S03726,4
3727,S03727,0
3728,S03728,3
3729,S03729,4
3730,S03730,0
3731,S03731,2
3732,S03732,2
3733,S03733,3
3734,S03734,1
3735,S03735,1
3736,S03736,0
3737,S03737,4
3738,S03738,1
3739,S03739,2
3740,S03740,1
3741,S03741,2
3742,S03742,1
3743,S03743,3
3744,S03744,4
3745,S03745,0
3746,S03746,2
3747,S03747,1
3748,S03748,0
3749,S03749,2
3750,S03750,2
3751,S03751,3
3752,S03752,1
3753,S03753,0
3754,S03754,1
3755,S03755,1
3756,S03756,4
3757,S03757,2
3758,S03758,2
3759,S03759,4
3760,S03760,4
3761,S03761,1
3762,S03762,2
3763,S03763,0
3764,S03764,3
3765,S03765,4
3766,S03766,0
3767,S03767,0
3768,S03768,1
3769,S03769,4
3770,S03770,0
3771,S03771,3
3772,S03772,0
3773,S03773,3
3774,S03774,3
3775,S03775,3
3776,S03776,4
3777,S03777,3
3778,S03778,4
3779,S03779,0
3780,S03780,3
3781,S03781,2
3782,S03782,0
3783,S03783,2
3784,S03784,2
3785,S03785,1
3786,S03786,4
3787,S03787,1
3788,S03788,4
3789,S03789,1
3790,S03790,0
3791,S03791,2
3792,S03792,0
3793,S03793,4
3794,S03794,2
3795,S03795,2
3796,S03796,4
3797,S03797,0
3798,S03798,2
3799,S03799,0
3800,S03800,0
3801,S03801,0
3802,S03802,2
3803,S03803,3
3804,S03804,1
3805,S03805,4
3806,S03806,0
3807,S03807,2
3808,S03808,4
3809,S03809,3
3810,S03810,3
3811,S03811,2
3812,S03812,0
3813,S03813,3
3814,S03814,3
3815,S03815,3
3816,S03816,2
3817,S03817,4
3818,S03818,1
3819,S03819,2
3820,S03820,0
3821,S03821,2
3822,S03822,2
3823,S03823,1
3824,S03824,1
3825,S03825,1
3826,S03826,4
3827,S03827,2
3828,S03828,0
3829,S03829,1
3830,S03830,1
3831,S03831,2
3832,S03832,0
3833,S03833,1
3834,S03834,2
3835,S03835,3
3836,S03836,4
3837,S03837,2
3838,S03838,1
3839,S03839,0
3840,S03840,3
3841,S03841,0
3842,S03842,0
3843,S03843,0
3844,S03844,2
3845,S03845,2
3846,S03846,4
3847,S03847,3
3848,S03848,0
3849,S03849,1
3850,S03850,0
3851,S03851,3
3852,S03852,0
3853,S03853,2
3854,S03854,2
3855,S03855,3
3856,S03856,4
3857,S03857,0
3858,S03858,3
3859,S03859,1
3860,S03860,1
3861,S03861,4
3862,S03862,2
3863,S03863,3
3864,S03864,0
3865,S03865,3
3866,S03866,4
3867,S03867,3
3868,S03868,4
3869,S03869,4
3870,S03870,4
3871,S03871,3
3872,S03872,1
3873,S03873,0
3874,S03874,4
3875,S03875,2
3876,S03876,4
3877,S03877,3
3878,S03878,4
3879,S03879,2
3880,S03880,1
3881,S03881,3
3882,S03882,3
3883,S03883,3
3884,S03884,2
3885,S03885,3
3886,S03886,1
3887,S03887,0
3888,S03888,0
3889,S03889,4
3890,S03890,0
3891,S03891,2
3892,S03892,0
3893,S03893,2
3894,S03894,2
3895,S03895,4
3896,S03896,0
3897,S03897,4
3898,S03898,3
3899,S03899,1
3900,S03900,0
3901,S03901,3
3902,S03902,3
3903,S03903,4
3904,S03904,4
3905,S03905,1
3906,S03906,1
3907,S03907,1
3908,S03908,1
3909,S03909,4
3910,S03910,2
3911,S03911,4
3912,S03912,2
3913,S03913,4
3914,S03914,4
3915,S03915,1
3916,S03916,2
3917,S03917,3
3918,S03918,3
3919,S03919,3
3920,S03920,1
3921,S03921,3
3922,S03922,4
3923,S03923,1
3924,S03924,3
3925,S03925,1
3926,S03926,4
3927,S03927,1
3928,S03928,3
3929,S03929,1
3930,S03930,0
3931,S03931,3
3932,S03932,4
3933,S03933,2
3934,S03934,1
3935,S03935,1
3936,S03936,3
3937,S03937,3
3938,S03938,0
3939,S03939,4
3940,S03940,1
3941,S03941,1
3942,S03942,2
3943,S03943,1
3944,S03944,1
3945,S03945,0
3946,S03946,2
3947,S03947,1
3948,S03948,1
3949,S03949,4
3950,S03950,1
3951,S03951,0
3952,S03952,1
3953,S03953,1
3954,S03954,3
3955,S03955,1
3956,S03956,2
3957,S03957,3
3958,S03958,2
3959,S03959,2
3960,S03960,0
3961,S03961,1
3962,S03962,2
3963,S03963,1
3964,S03964,1
3965,S03965,0
3966,S03966,0
3967,S03967,2
3968,S03968,2
3969,S03969,3
3970,S03970,1
3971,S03971,1
3972,S03972,0
3973,S03973,0
3974,S03974,2
3975,S03975,3
3976,S03976,3
3977,S03977,0
3978,S03978,0
3979,S03979,3
3980,S03980,3
3981,S03981,2
3982,S03982,3
3983,S03983,1
3984,S03984,3
3985,S03985,4
3986,S03986,3
3987,S03987,0
3988,S03988,0
3989,S03989,4
3990,S03990,1
3991,S03991,3
3992,S03992,3
3993,S03993,4
3994,S03994,2
3995,S03995,2
3996,S03996,1
3997,S03997,3
3998,S03998,3
3999,S03999,3
4000,S04000,0
4001,S04001,2
4002,S04002,4
4003,S04003,0
4004,S04004,0
4005,S04005,2
4006,S04006,3
4007,S04007,1
4008,S04008,4
4009,S04009,2
4010,S04010,1
4011,S04011,2
4012,S04012,2
4013,S04013,2
4014,S04014,2
4015,S04015,3
4016,S04016,0
4017,S04017,2
4018,S04018,1
4019,S04019,1
4020,S04020,1
4021,S04021,0
4022,S04022,0
4023,S04023,1
4024,S04024,3
4025,S04025,0
4026,S04026,0
4027,S04027,3
4028,S04028,2
4029,S04029,0
4030,S04030,1
4031,S04031,1
4032,S04032,3
4033,S04033,1
4034,S04034,4
4035,S04035,1
4036,S04036,3
4037,S04037,3
4038,S04038,3
4039,S04039,4
4040,S04040,0
4041,S04041,2
4042,S04042,1
4043,S04043,0
4044,S04044,3
4045,S04045,0
4046,S04046,0
4047,S04047,4
4048,S04048,3
4049,S04049,3
4050,S04050,1
4051,S04051,1
4052,S04052,1
4053,S04053,1
4054,S04054,0
4055,S04055,0
4056,S04056,1
4057,S04057,1
4058,S04058,1
4059,S04059,2
4060,S04060,1
4061,S04061,2
4062,S04062,1
4063,S04063,3
4064,S04064,4
4065,S04065,0
4066,S04066,3
4067,S04067,4
4068,S04068,2
4069,S04069,0
4070,S04070,2
4071,S04071,2
4072,S04072,0
4073,S04073,4
4074,S04074,0
4075,S04075,1
4076,S04076,2
4077,S04077,1
4078,S04078,0
4079,S04079,0
4080,S04080,4
4081,S04081,2
4082,S04082,3
4083,S04083,0
4084,S04084,3
4085,S04085,2
4086,S04086,1
4087,S04087,2
4088,S04088,4
4089,S04089,3
4090,S04090,3
4091,S04091,1
4092,S04092,1
4093,S04093,0
4094,S04094,2
4095,S04095,4
4096,S04096,0
4097,S04097,2
4098,S04098,1
4099,S04099,4
4100,S04100,1
4101,S04101,1
4102,S04102,3
4103,S04103,2
4104,S04104,0
4105,S04105,3
4106,S04106,2
4107,S04107,2
4108,S04108,2
4109,S04109,4
4110,S04110,3
4111,S04111,0
4112,S04112,3
4113,S04113,1
4114,S04114,2
4115,S04115,1
4116,S04116,3
4117,S04117,0
4118,S04118,1
4119,S04119,1
4120,S04120,4
4121,S04121,3
4122,S04122,1
4123,S04123,3
4124,S04124,0
4125,S04125,1
4126,S04126,0
4127,S04127,1
4128,S04128,2
4129,S04129,4
4130,S04130,4
4131,S04131,4
4132,S04132,0
4133,S04133,3
4134,S04134,4
4135,S04135,1
4136,S04136,1
4137,S04137,2
4138,S04138,0
4139,S04139,1
4140,S04140,1
4141,S04141,2
4142,S04142,2
4143,S04143,3
4144,S04144,3
4145,S04145,3
4146,S04146,1
4147,S04147,2
4148,S04148,0
4149,S04149,3
4150,S04150,4
4151,S04151,1
4152,S04152,0
4153,S04153,1
4154,S04154,3
4155,S04155,1
4156,S04156,3
4157,S04157,1
4158,S04158,3
4159,S04159,2
4160,S04160,2
4161,S04161,2
4162,S04162,2
4163,S04163,2
4164,S04164,4
4165,S04165,1
4166,S04166,2
4167,S04167,4
4168,S04168,4
4169,S04169,1
4170,S04170,1
4171,S04171,3
4172,S04172,3
4173,S04173,2
4174,S04174,0
4175,S04175,3
4176,S04176,0
4177,S04177,3
4178,S04178,4
4179,S04179,4
4180,S04180,4
4181,S04181,0
4182,S04182,2
4183,S04183,3
4184,S04184,3
4185,S04185,0
4186,S04186,4
4187,S04187,2
4188,S04188,3
4189,S04189,2
4190,S04190,2
4191,S04191,1
4192,S04192,2
4193,S04193,1
4194,S04194,0
4195,S04195,4
4196,S04196,1
4197,S04197,2
4198,S04198,4
4199,S04199,2
4200,S04200,2
4201,S04201,1
4202,S04202,0
4203,S04203,2
4204,S04204,1
4205,S04205,2
4206,S04206,4
4207,S04207,0
4208,S04208,2
4209,S04209,0
4210,S04210,0
4211,S04211,4
4212,S04212,4
4213,S04213,3
4214,S04214,0
4215,S04215,2
4216,S04216,4
4217,S04217,2
4218,S04218,0
4219,S04219,4
4220,S04220,3
4221,S04221,0
4222,S04222,2
4223,S04223,3
4224,S04224,0
4225,S04225,4
4226,S04226,0
4227,S04227,1
4228,S04228,2
4229,S04229,4
4230,S04230,4
4231,S04231,1
4232,S04232,3
4233,S04233,4
4234,S04234,3
4235,S04235,3
4236,S04236,3
4237,S04237,0
4238,S04238,1
4239,S04239,2
4240,S04240,1
4241,S04241,4
4242,S04242,1
4243,S04243,2
4244,S04244,0
4245,S04245,4
4246,S04246,0
4247,S04247,4
4248,S04248,2
4249,S04249,0
4250,S04250,2
4251,S04251,2
4252,S04252,1
4253,S04253,4
4254,S04254,3
4255,S04255,3
4256,S04256,0
4257,S04257,2
4258,S04258,1
4259,S04259,4
4260,S04260,0
4261,S04261,2
4262,S04262,3
4263,S04263,3
4264,S04264,4
4265,S04265,4
4266,S04266,4
4267,S04267,0
4268,S04268,4
4269,S04269,0
4270,S04270,1
4271,S04271,2
4272,S04272,3
4273,S04273,0
4274,S04274,2
4275,S04275,4
4276,S04276,3
4277,S04277,0
4278,S04278,4
4279,S04279,2
4280,S04280,1
4281,S04281,2
4282,S04282,0
4283,S04283,1
4284,S04284,1
4285,S04285,4
4286,S04286,2
4287,S04287,0
4288,S04288,1
4289,S04289,4
4290,S04290,1
4291,S04291,2
4292,S04292,3
4293,S04293,0
4294,S04294,3
4295,S04295,2
4296,S04296,3
4297,S04297,2
4298,S04298,2
4299,S04299,4
4300,S04300,3
4301,S04301,1
4302,S04302,2
4303,S04303,3
4304,S04304,1
4305,S04305,0
4306,S04306,1
4307,S04307,3
4308,S04308,3
4309,S04309,1
4310,S04310,1
4311,S04311,2
4312,S04312,3
4313,S04313,2
4314,S04314,2
4315,S04315,0
4316,S04316,3
4317,S04317,2
4318,S04318,0
4319,S04319,2
4320,S04320,2
4321,S04321,3
4322,S04322,1
4323,S04323,1
4324,S04324,3
4325,S04325,1
4326,S04326,4
4327,S04327,1
4328,S04328,2
4329,S04329,2
4330,S04330,0
4331,S04331,3
4332,S04332,0
4333,S04333,2
4334,S04334,2
4335,S04335,0
4336,S04336,4
4337,S04337,1
4338,S04338,4
4339,S04339,4
4340,S04340,4
4341,S04341,4
4342,S04342,1
4343,S04343,3
4344,S04344,0
4345,S04345,4
4346,S04346,4
4347,S04347,0
4348,S04348,0
4349,S04349,3
4350,S04350,2
4351,S04351,3
4352,S04352,2
4353,S04353,1
4354,S04354,3
4355,S04355,1
4356,S04356,0
4357,S04357,3
4358,S04358,0
4359,S04359,4
4360,S04360,0
4361,S04361,4
4362,S04362,2
4363,S04363,4
4364,S04364,2
4365,S04365,4
4366,S04366,4
4367,S04367,1
4368,S04368,1
4369,S04369,0
4370,S04370,1
4371,S04371,2
4372,S04372,1
4373,S04373,0
4374,S04374,3
4375,S04375,2
4376,S04376,3
4377,S04377,2
4378,S04378,0
4379,S04379,1
4380,S04380,3
4381,S04381,3
4382,S04382,1
4383,S04383,0
4384,S04384,1
4385,S04385,4
4386,S04386,4
4387,S04387,4
4388,S04388,3
4389,S04389,3
4390,S04390,0
4391,S04391,2
4392,S04392,1
4393,S04393,2
4394,S04394,3
4395,S04395,1
4396,S04396,3
4397,S04397,0
4398,S04398,1
4399,S04399,3
4400,S04400,4
4401,S04401,4
4402,S04402,3
4403,S04403,2
4404,S04404,0
4405,S04405,0
4406,S04406,3
4407,S04407,0
4408,S04408,1
4409,S04409,0
4410,S04410,4
4411,S04411,3
4412,S04412,1
4413,S04413,0
4414,S04414,4
4415,S04415,2
4416,S04416,0
4417,S04417,4
4418,S04418,4
4419,S04419,4
4420,S04420,4
4421,S04421,2
4422,S04422,3
4423,S04423,4
4424,S04424,3
4425,S04425,2
4426,S04426,2
4427,S04427,1
4428,S04428,1
4429,S04429,4
4430,S04430,3
4431,S04431,2
4432,S04432,0
4433,S04433,1
4434,S04434,1
4435,S04435,0
4436,S04436,3
4437,S04437,3
4438,S04438,3
4439,S04439,4
4440,S04440,4
4441,S04441,0
4442,S04442,2
4443,S04443,0
4444,S04444,2
4445,S04445,0
4446,S04446,4
4447,S04447,3
4448,S04448,1
4449,S04449,0
4450,S04450,0
4451,S04451,1
4452,S04452,0
4453,S04453,3
4454,S04454,1
4455,S04455,1
4456,S04456,3
4457,S04457,3
4458,S04458,1
4459,S04459,3
4460,S04460,3
4461,S04461,3
4462,S04462,1
4463,S04463,0
4464,S04464,2
4465,S04465,1
4466,S04466,2
4467,S04467,3
4468,S04468,3
4469,S04469,0
4470,S04470,3
4471,S04471,2
4472,S04472,1
4473,S04473,1
4474,S04474,0
4475,S04475,2
4476,S04476,3
4477,S04477,4
4478,S04478,0
4479,S04479,0
4480,S04480,4
4481,S04481,1
4482,S04482,1
4483,S04483,1
4484,S04484,4
4485,S04485,3
4486,S04486,3
4487,S04487,2
4488,S04488,2
4489,S04489,1
4490,S04490,4
4491,S04491,0
4492,S04492,3
4493,S04493,4
4494,S04494,2
4495,S04495,3
4496,S04496,3
4497,S04497,4
4498,S04498,2
4499,S04499,4
4500,S04500,0
4501,S04501,3
4502,S04502,4
4503,S04503,4
4504,S04504,0
4505,S04505,4
4506,S04506,3
4507,S04507,1
4508,S04508,1
4509,S04509,2
4510,S04510,0
4511,S04511,2
4512,S04512,1
4513,S04513,0
4514,S04514,4
4515,S04515,4
4516,S04516,3
4517,S04517,1
4518,S04518,4
4519,S04519,0
4520,S04520,4
4521,S04521,2
4522,S04522,2
4523,S04523,2
4524,S04524,2
4525,S04525,2
4526,S04526,3
4527,S04527,2
4528,S04528,3
4529,S04529,3
4530,S04530,4
4531,S04531,0
4532,S04532,2
4533,S04533,0
4534,S04534,1
4535,S04535,3
4536,S04536,1
4537,S04537,3
4538,S04538,2
4539,S04539,1
4540,S04540,4
4541,S04541,1
4542,S04542,3
4543,S04543,3
4544,S04544,0
4545,S04545,1
4546,S04546,4
4547,S04547,2
4548,S04548,0
4549,S04549,1
4550,S04550,0
4551,S04551,1
4552,S04552,2
4553,S04553,2
4554,S04554,4
4555,S04555,0
4556,S04556,4
4557,S04557,1
4558,S04558,2
4559,S04559,2
4560,S04560,3
4561,S04561,3
4562,S04562,4
4563,S04563,0
4564,S04564,1
4565,S04565,4
4566,S04566,2
4567,S04567,2
4568,S04568,2
4569,S04569,1
4570,S04570,4
4571,S04571,1
4572,S04572,2
4573,S04573,3
4574,S04574,4
4575,S04575,3
4576,S04576,4
4577,S04577,2
4578,S04578,3
4579,S04579,3
4580,S04580,4
4581,S04581,3
4582,S04582,3
4583,S04583,2
4584,S04584,4
4585,S04585,4
4586,S04586,0
4587,S04587,4
4588,S04588,2
4589,S04589,3
4590,S04590,0
4591,S04591,3
4592,S04592,4
4593,S04593,1
4594,S04594,3
4595,S04595,4
4596,S04596,2
4597,S04597,4
4598,S04598,0
4599,S04599,1
4600,S04600,1
4601,S04601,1
4602,S04602,2
4603,S04603,1
4604,S04604,3
4605,S04605,2
4606,S04606,4
4607,S04607,0
4608,S04608,2
4609,S04609,0
4610,S04610,2
4611,S04611,4
4612,S04612,0
4613,S04613,2
4614,S04614,0
4615,S04615,1
4616,S04616,1
4617,S04617,1
4618,S04618,3
4619,S04619,1
4620,S04620,1
4621,S04621,4
4622,S04622,0
4623,S04623,0
4624,S04624,1
4625,S04625,0
4626,S04626,2
4627,S04627,1
4628,S04628,1
4629,S04629,3
4630,S04630,2
4631,S04631,1
4632,S04632,1
4633,S04633,0
4634,S04634,1
4635,S04635,1
4636,S04636,1
4637,S04637,1
4638,S04638,3
4639,S04639,2
4640,S04640,3
4641,S04641,0
4642,S04642,4
4643,S04643,1
4644,S04644,0
4645,S04645,4
4646,S04646,1
4647,S04647,1
4648,S04648,4
4649,S04649,3
4650,S04650,4
4651,S04651,4
4652,S04652,2
4653,S04653,1
4654,S04654,1
4655,S04655,3
4656,S04656,3
4657,S04657,2
4658,S04658,2
4659,S04659,2
4660,S04660,3
4661,S04661,4
4662,S04662,1
4663,S04663,1
4664,S04664,0
4665,S04665,3
4666,S04666,3
4667,S04667,2
4668,S04668,0
4669,S04669,0
4670,S04670,3
4671,S04671,2
4672,S04672,1
4673,S04673,2
4674,S04674,1
4675,S04675,3
4676,S04676,2
4677,S04677,0
4678,S04678,4
4679,S04679,0
4680,S04680,1
4681,S04681,3
4682,S04682,2
4683,S04683,3
4684,S04684,3
4685,S04685,1
4686,S04686,3
4687,S04687,2
4688,S04688,0
4689,S04689,3
4690,S04690,2
4691,S04691,2
4692,S04692,1
4693,S04693,3
4694,S04694,1
4695,S04695,0
4696,S04696,0
4697,S04697,2
4698,S04698,3
4699,S04699,2
4700,S04700,3
4701,S04701,1
4702,S04702,0
4703,S04703,0
4704,S04704,1
4705,S04705,4
4706,S04706,4
4707,S04707,4
4708,S04708,3
4709,S04709,1
4710,S04710,3
4711,S04711,3
4712,S04712,1
4713,S04713,3
4714,S04714,1
4715,S04715,4
4716,S04716,4
4717,S04717,3
4718,S04718,0
4719,S04719,1
4720,S04720,2
4721,S04721,2
4722,S04722,3
4723,S04723,0
4724,S04724,1
4725,S04725,4
4726,S04726,3
4727,S04727,1
4728,S04728,1
4729,S04729,1
4730,S04730,0
4731,S04731,1
4732,S04732,0
4733,S04733,0
4734,S04734,1
4735,S04735,4
4736,S04736,1
4737,S04737,4
4738,S04738,3
4739,S04739,2
4740,S04740,3
4741,S04741,0
4742,S04742,3
4743,S04743,2
4744,S04744,2
4745,S04745,4
4746,S04746,3
4747,S04747,0
4748,S04748,0
4749,S04749,4
4750,S04750,4
4751,S04751,3
4752,S04752,4
4753,S04753,2
4754,S04754,0
4755,S04755,2
4756,S04756,1
4757,S04757,2
4758,S04758,0
4759,S04759,1
4760,S04760,3
4761,S04761,1
4762,S04762,4
4763,S04763,0
4764,S04764,4
4765,S04765,2
4766,S04766,3
4767,S04767,0
4768,S04768,3
4769,S04769,0
4770,S04770,4
4771,S04771,2
4772,S04772,1
4773,S04773,3
4774,S04774,0
4775,S04775,0
4776,S04776,3
4777,S04777,1
4778,S04778,2
4779,S04779,0
4780,S04780,0
4781,S04781,3
4782,S04782,3
4783,S04783,0
4784,S04784,0
4785,S04785,0
4786,S04786,4
4787,S04787,0
4788,S04788,2
4789,S04789,2
4790,S04790,1
4791,S04791,3
4792,S04792,1
4793,S04793,0
4794,S04794,3
4795,S04795,0
4796,S04796,3
4797,S04797,4
4798,S04798,4
4799,S04799,4
4800,S04800,1
4801,S04801,3
4802,S04802,1
4803,S04803,3
4804,S04804,0
4805,S04805,4
4806,S04806,4
4807,S04807,3
4808,S04808,1
4809,S04809,1
4810,S04810,2
4811,S04811,4
4812,S04812,4
4813,S04813,1
4814,S04814,4
4815,S04815,1
4816,S04816,2
4817,S04817,3
4818,S04818,3
4819,S04819,2
4820,S04820,4
4821,S04821,0
4822,S04822,4
4823,S04823,1
4824,S04824,0
4825,S04825,2
4826,S04826,3
4827,S04827,3
4828,S04828,4
4829,S04829,3
4830,S04830,4
4831,S04831,1
4832,S04832,1
4833,S04833,2
4834,S04834,1
4835,S04835,4
4836,S04836,3
4837,S04837,1
4838,S04838,1
4839,S04839,4
4840,S04840,1
4841,S04841,3
4842,S04842,3
4843,S04843,3
4844,S04844,3
4845,S04845,0
4846,S04846,3
4847,S04847,0
4848,S04848,3
4849,S04849,3
4850,S04850,4
4851,S04851,3
4852,S04852,1
4853,S04853,3
4854,S04854,2
4855,S04855,4
4856,S04856,4
4857,S04857,3
4858,S04858,2
4859,S04859,3
4860,S04860,1
4861,S04861,4
4862,S04862,4
4863,S04863,2
4864,S04864,0
4865,S04865,2
4866,S04866,1
4867,S04867,2
4868,S04868,0
4869,S04869,1
4870,S04870,1
4871,S04871,0
4872,S04872,3
4873,S04873,2
4874,S04874,1
4875,S04875,2
4876,S04876,0
4877,S04877,4
4878,S04878,0
4879,S04879,2
4880,S04880,1
4881,S04881,2
4882,S04882,4
4883,S04883,1
4884,S04884,4
4885,S04885,3
4886,S04886,0
4887,S04887,3
4888,S04888,2
4889,S04889,3
4890,S04890,0
4891,S04891,1
4892,S04892,4
4893,S04893,1
4894,S04894,3
4895,S04895,2
4896,S04896,3
4897,S04897,0
4898,S04898,0
4899,S04899,2
4900,S04900,1
4901,S04901,0
4902,S04902,0
4903,S04903,2
4904,S04904,1
4905,S04905,3
4906,S04906,4
4907,S04907,2
4908,S04908,1
4909,S04909,4
4910,S04910,2
4911,S04911,3
4912,S04912,3
4913,S04913,1
4914,S04914,1
4915,S04915,3
4916,S04916,3
4917,S04917,2
4918,S04918,1
4919,S04919,4
4920,S04920,3
4921,S04921,4
4922,S04922,1
4923,S04923,1
4924,S04924,0
4925,S04925,3
4926,S04926,1
4927,S04927,1
4928,S04928,3
4929,S04929,0
4930,S04930,0
4931,S04931,0
4932,S04932,0
4933,S04933,2
4934,S04934,3
4935,S04935,3
4936,S04936,3
4937,S04937,0
4938,S04938,0
4939,S04939,1
4940,S04940,2
4941,S04941,3
4942,S04942,2
4943,S04943,3
4944,S04944,0
4945,S04945,0
4946,S04946,3
4947,S04947,4
4948,S04948,0
4949,S04949,1
4950,S04950,0
4951,S04951,1
4952,S04952,2
4953,S04953,0
4954,S04954,0
4955,S04955,2
4956,S04956,1
4957,S04957,4
4958,S04958,1
4959,S04959,3
4960,S04960,3
4961,S04961,3
4962,S04962,2
4963,S04963,1
4964,S04964,0
4965,S04965,3
4966,S04966,1
4967,S04967,0
4968,S04968,1
4969,S04969,2
4970,S04970,3
4971,S04971,4
4972,S04972,3
4973,S04973,3
4974,S04974,2
4975,S04975,0
4976,S04976,3
4977,S04977,0
4978,S04978,0
4979,S04979,2
4980,S04980,3
4981,S04981,2
4982,S04982,2
4983,S04983,4
4984,S04984,2
4985,S04985,4
4986,S04986,0
4987,S04987,0
4988,S04988,1
4989,S04989,1
4990,S04990,0
4991,S04991,3
4992,S04992,1
4993,S04993,2
4994,S04994,1
4995,S04995,0
4996,S04996,3
4997,S04997,0
4998,S04998,3
4999,S04999,1
5000,S05000,2