1,S00001,No
2,S00002,No
3,S00003,No
4,S00004,No
5,S00005,No
6,S00006,Yes
7,S00007,No
8,S00008,No
9,S00009,No
10,S00010,No
11,S00011,No
12,S00012,Yes
13,S00013,No
14,S00014,No
15,S00015,Yes
16,S00016,No
17,S00017,No
18,S00018,No
19,S00019,No
20,S00020,No
21,S00021,No
22,S00022,No
23,S00023,No
24,S00024,No
25,S00025,No
26,S00026,No
27,S00027,No
28,S00028,No
29,S00029,No
30,S00030,No
31,S00031,No
32,S00032,No
33,S00033,No
34,S00034,No
35,S00035,Yes
36,S00036,No
37,S00037,No
38,S00038,No
39,S00039,Yes
40,S00040,Yes
41,S00041,No
42,S00042,No
43,S00043,No
44,S00044,Yes
45,S00045,Yes
46,S00046,No
47,S00047,No
48,S00048,Yes
49,S00049,Yes
50,S00050,No
51,S00051,No
52,S00052,No
53,S00053,Yes
54,S00054,No
55,S00055,No
56,S00056,Yes
57,S00057,No
58,S00058,No
59,S00059,No
60,S00060,No
61,S00061,No
62,S00062,No
63,S00063,No
64,S00064,Yes
65,S00065,No
66,S00066,No
67,S00067,Yes
68,S00068,No
69,S00069,No
70,S00070,No
71,S00071,No
72,S00072,No
73,S00073,No
74,S00074,No
75,S00075,No
76,S00076,No
77,S00077,No
78,S00078,No
79,S00079,Yes
80,S00080,No
81,S00081,No
82,S00082,No
83,S00083,No
84,S00084,No
85,S00085,No
86,S00086,No
87,S00087,No
88,S00088,No
89,S00089,No
90,S00090,Yes
91,S00091,No
92,S00092,No
93,S00093,No
94,S00094,No
95,S00095,Yes
96,S00096,No
97,S00097,No
98,S00098,No
99,S00099,Yes
100,S00100,No
101,S00101,No
102,S00102,No
103,S00103,No
104,S00104,No
105,S00105,No
106,S00106,No
107,S00107,No
108,S00108,No
109,S00109,Yes
110,S00110,No
111,S00111,No
112,S00112,Yes
113,S00113,No
114,S00114,No
115,S00115,No
116,S00116,Yes
117,S00117,No
118,S00118,No
119,S00119,No
120,S00120,Yes
121,S00121,No
122,S00122,No
123,S00123,No
124,S00124,Yes
125,S00125,No
126,S00126,No
127,S00127,No
128,S00128,No
129,S00129,Yes
130,S00130,No
131,S00131,No
132,S00132,No
133,S00133,No
134,S00134,No
135,S00135,Yes
136,S00136,No
137,S00137,No
138,S00138,Yes
139,S00139,Yes
140,S00140,No
141,S00141,Yes
142,S00142,No
143,S00143,No
144,S00144,No
145,S00145,Yes
146,S00146,No
147,S00147,No
148,S00148,No
149,S00149,No
150,S00150,No
151,S00151,No
152,S00152,No
153,S00153,No
154,S00154,No
155,S00155,Yes
156,S00156,No
157,S00157,Yes
158,S00158,Yes
159,S00159,No
160,S00160,No
161,S00161,No
162,S00162,No
163,S00163,Yes
164,S00164,No
165,S00165,No
166,S00166,No
167,S00167,No
168,S00168,No
169,S00169,No
170,S00170,Yes
171,S00171,No
172,S00172,No
173,S00173,No
174,S00174,No
175,S00175,No
176,S00176,No
177,S00177,No
178,S00178,No
179,S00179,No
180,S00180,No
181,S00181,No
182,S00182,No
183,S00183,No
184,S00184,Yes
185,S00185,Yes
186,S00186,No
187,S00187,No
188,S00188,No
189,S00189,No
190,S00190,No
191,S00191,No
192,S00192,No
193,S00193,No
194,S00194,No
195,S00195,No
196,S00196,Yes
197,S00197,No
198,S00198,Yes
199,S00199,Yes
200,S00200,No
201,S00201,No
202,S00202,No
203,S00203,No
204,S00204,Yes
205,S00205,Yes
206,S00206,No
207,S00207,No
208,S00208,No
209,S00209,No
210,S00210,No
211,S00211,No
212,S00212,No
213,S00213,No
214,S00214,No
215,S00215,No
216,S00216,No
217,S00217,No
218,S00218,No
219,S00219,No
220,S00220,No
221,S00221,No
222,S00222,No
223,S00223,No
224,S00224,No
225,S00225,No
226,S00226,No
227,S00227,No
228,S00228,No
229,S00229,No
230,S00230,No
231,S00231,Yes
232,S00232,No
233,S00233,No
234,S00234,Yes
235,S00235,No
236,S00236,Yes
237,S00237,No
238,S00238,No
239,S00239,No
240,S00240,No
241,S00241,No
242,S00242,No
243,S00243,No
244,S00244,No
245,S00245,Yes
246,S00246,No
247,S00247,No
248,S00248,No
249,S00249,No
250,S00250,No
251,S00251,Yes
252,S00252,No
253,S00253,No
254,S00254,Yes
255,S00255,No
256,S00256,No
257,S00257,No
258,S00258,No
259,S00259,No
260,S00260,No
261,S00261,No
262,S00262,No
263,S00263,No
264,S00264,No
265,S00265,Yes
266,S00266,Yes
267,S00267,No
268,S00268,No
269,S00269,No
270,S00270,No
271,S00271,No
272,S00272,No
273,S00273,No
274,S00274,Yes
275,S00275,No
276,S00276,No
277,S00277,No
278,S00278,No
279,S00279,No
280,S00280,No
281,S00281,No
282,S00282,No
283,S00283,Yes
284,S00284,No
285,S00285,No
286,S00286,No
287,S00287,Yes
288,S00288,No
289,S00289,No
290,S00290,No
291,S00291,No
292,S00292,No
293,S00293,Yes
294,S00294,Yes
295,S00295,No
296,S00296,Yes
297,S00297,No
298,S00298,Yes
299,S00299,No
300,S00300,No
301,S00301,No
302,S00302,No
303,S00303,Yes
304,S00304,No
305,S00305,No
306,S00306,No
307,S00307,Yes
308,S00308,No
309,S00309,No
310,S00310,No
311,S00311,Yes
312,S00312,No
313,S00313,No
314,S00314,No
315,S00315,No
316,S00316,No
317,S00317,Yes
318,S00318,Yes
319,S00319,Yes
320,S00320,No
321,S00321,No
322,S00322,No
323,S00323,Yes
324,S00324,No
325,S00325,Yes
326,S00326,No
327,S00327,No
328,S00328,Yes
329,S00329,No
330,S00330,No
331,S00331,No
332,S00332,No
333,S00333,No
334,S00334,No
335,S00335,No
336,S00336,No
337,S00337,No
338,S00338,No
339,S00339,No
340,S00340,No
341,S00341,No
342,S00342,Yes
343,S00343,Yes
344,S00344,No
345,S00345,No
346,S00346,No
347,S00347,No
348,S00348,No
349,S00349,Yes
350,S00350,No
351,S00351,No
352,S00352,No
353,S00353,No
354,S00354,Yes
355,S00355,No
356,S00356,No
357,S00357,No
358,S00358,No
359,S00359,Yes
360,S00360,Yes
361,S00361,Yes
362,S00362,Yes
363,S00363,No
364,S00364,No
365,S00365,Yes
366,S00366,No
367,S00367,No
368,S00368,Yes
369,S00369,No
370,S00370,No
371,S00371,No
372,S00372,No
373,S00373,Yes
374,S00374,No
375,S00375,No
376,S00376,No
377,S00377,No
378,S00378,No
379,S00379,No
380,S00380,No
381,S00381,No
382,S00382,No
383,S00383,No
384,S00384,No
385,S00385,No
386,S00386,No
387,S00387,Yes
388,S00388,No
389,S00389,Yes
390,S00390,Yes
391,S00391,No
392,S00392,No
393,S00393,No
394,S00394,No
395,S00395,No
396,S00396,No
397,S00397,No
398,S00398,No
399,S00399,No
400,S00400,No
401,S00401,No
402,S00402,No
403,S00403,Yes
404,S00404,Yes
405,S00405,No
406,S00406,No
407,S00407,Yes
408,S00408,No
409,S00409,No
410,S00410,No
411,S00411,No
412,S00412,Yes
413,S00413,No
414,S00414,No
415,S00415,No
416,S00416,No
417,S00417,Yes
418,S00418,No
419,S00419,No
420,S00420,No
421,S00421,No
422,S00422,No
423,S00423,No
424,S00424,No
425,S00425,Yes
426,S00426,No
427,S00427,No
428,S00428,No
429,S00429,No
430,S00430,No
431,S00431,No
432,S00432,Yes
433,S00433,No
434,S00434,No
435,S00435,No
436,S00436,No
437,S00437,Yes
438,S00438,No
439,S00439,No
440,S00440,No
441,S00441,No
442,S00442,No
443,S00443,No
444,S00444,No
445,S00445,Yes
446,S00446,No
447,S00447,Yes
448,S00448,No
449,S00449,Yes
450,S00450,No
451,S00451,No
452,S00452,No
453,S00453,Yes
454,S00454,No
455,S00455,No
456,S00456,Yes
457,S00457,No
458,S00458,No
459,S00459,No
460,S00460,No
461,S00461,No
462,S00462,No
463,S00463,Yes
464,S00464,Yes
465,S00465,No
466,S00466,No
467,S00467,No
468,S00468,No
469,S00469,No
470,S00470,No
471,S00471,No
472,S00472,No
473,S00473,No
474,S00474,No
475,S00475,Yes
476,S00476,No
477,S00477,No
478,S00478,No
479,S00479,No
480,S00480,No
481,S00481,Yes
482,S00482,Yes
483,S00483,No
484,S00484,No
485,S00485,No
486,S00486,No
487,S00487,Yes
488,S00488,No
489,S00489,No
490,S00490,No
491,S00491,No
492,S00492,No
493,S00493,No
494,S00494,No
495,S00495,No
496,S00496,No
497,S00497,Yes
498,S00498,Yes
499,S00499,No
500,S00500,No
501,S00501,No
502,S00502,Yes
503,S00503,No
504,S00504,No
505,S00505,No
506,S00506,Yes
507,S00507,No
508,S00508,Yes
509,S00509,No
510,S00510,No
511,S00511,No
512,S00512,No
513,S00513,Yes
514,S00514,No
515,S00515,No
516,S00516,No
517,S00517,No
518,S00518,No
519,S00519,Yes
520,S00520,No
521,S00521,No
522,S00522,No
523,S00523,No
524,S00524,No
525,S00525,Yes
526,S00526,No
527,S00527,Yes
528,S00528,No
529,S00529,No
530,S00530,Yes
531,S00531,Yes
532,S00532,No
533,S00533,No
534,S00534,No
535,S00535,No
536,S00536,No
537,S00537,Yes
538,S00538,Yes
539,S00539,No
540,S00540,No
541,S00541,No
542,S00542,No
543,S00543,Yes
544,S00544,No
545,S00545,No
546,S00546,No
547,S00547,No
548,S00548,No
549,S00549,No
550,S00550,No
551,S00551,No
552,S00552,No
553,S00553,No
554,S00554,No
555,S00555,No
556,S00556,Yes
557,S00557,Yes
558,S00558,No
559,S00559,No
560,S00560,No
561,S00561,Yes
562,S00562,No
563,S00563,No
564,S00564,Yes
565,S00565,No
566,S00566,No
567,S00567,Yes
568,S00568,No
569,S00569,No
570,S00570,No
571,S00571,Yes
572,S00572,No
573,S00573,No
574,S00574,No
575,S00575,No
576,S00576,No
577,S00577,No
578,S00578,No
579,S00579,No
580,S00580,No
581,S00581,Yes
582,S00582,No
583,S00583,No
584,S00584,Yes
585,S00585,Yes
586,S00586,No
587,S00587,No
588,S00588,No
589,S00589,No
590,S00590,No
591,S00591,No
592,S00592,No
593,S00593,No
594,S00594,No
595,S00595,No
596,S00596,No
597,S00597,Yes
598,S00598,No
599,S00599,No
600,S00600,No
601,S00601,No
602,S00602,No
603,S00603,Yes
604,S00604,Yes
605,S00605,No
606,S00606,No
607,S00607,No
608,S00608,No
609,S00609,No
610,S00610,No
611,S00611,No
612,S00612,No
613,S00613,No
614,S00614,No
615,S00615,No
616,S00616,Yes
617,S00617,No
618,S00618,Yes
619,S00619,No
620,S00620,Yes
621,S00621,No
622,S00622,No
623,S00623,Yes
624,S00624,No
625,S00625,No
626,S00626,Yes
627,S00627,No
628,S00628,Yes
629,S00629,No
630,S00630,Yes
631,S00631,No
632,S00632,No
633,S00633,Yes
634,S00634,No
635,S00635,No
636,S00636,No
637,S00637,No
638,S00638,No
639,S00639,No
640,S00640,No
641,S00641,No
642,S00642,No
643,S00643,Yes
644,S00644,No
645,S00645,Yes
646,S00646,No
647,S00647,No
648,S00648,No
649,S00649,No
650,S00650,Yes
651,S00651,No
652,S00652,Yes
653,S00653,No
654,S00654,No
655,S00655,Yes
656,S00656,No
657,S00657,No
658,S00658,Yes
659,S00659,No
660,S00660,No
661,S00661,Yes
662,S00662,No
663,S00663,No
664,S00664,No
665,S00665,No
666,S00666,No
667,S00667,No
668,S00668,No
669,S00669,Yes
670,S00670,No
671,S00671,No
672,S00672,No
673,S00673,No
674,S00674,Yes
675,S00675,Yes
676,S00676,Yes
677,S00677,No
678,S00678,No
679,S00679,No
680,S00680,No
681,S00681,Yes
682,S00682,Yes
683,S00683,No
684,S00684,No
685,S00685,No
686,S00686,Yes
687,S00687,No
688,S00688,No
689,S00689,No
690,S00690,No
691,S00691,No
692,S00692,No
693,S00693,Yes
694,S00694,No
695,S00695,No
696,S00696,No
697,S00697,No
698,S00698,Yes
699,S00699,Yes
700,S00700,No
701,S00701,No
702,S00702,No
703,S00703,No
704,S00704,No
705,S00705,Yes
706,S00706,No
707,S00707,No
708,S00708,No
709,S00709,No
710,S00710,No
711,S00711,No
712,S00712,No
713,S00713,Yes
714,S00714,No
715,S00715,No
716,S00716,Yes
717,S00717,Yes
718,S00718,No
719,S00719,Yes
720,S00720,No
721,S00721,No
722,S00722,No
723,S00723,No
724,S00724,No
725,S00725,No
726,S00726,No
727,S00727,No
728,S00728,No
729,S00729,No
730,S00730,No
731,S00731,No
732,S00732,No
733,S00733,No
734,S00734,No
735,S00735,No
736,S00736,No
737,S00737,No
738,S00738,No
739,S00739,No
740,S00740,Yes
741,S00741,No
742,S00742,No
743,S00743,No
744,S00744,No
745,S00745,No
746,S00746,Yes
747,S00747,No
748,S00748,No
749,S00749,No
750,S00750,No
751,S00751,Yes
752,S00752,No
753,S00753,No
754,S00754,Yes
755,S00755,No
756,S00756,No
757,S00757,Yes
758,S00758,Yes
759,S00759,No
760,S00760,Yes
761,S00761,Yes
762,S00762,No
763,S00763,No
764,S00764,No
765,S00765,No
766,S00766,No
767,S00767,No
768,S00768,No
769,S00769,Yes
770,S00770,Yes
771,S00771,No
772,S00772,No
773,S00773,No
774,S00774,No
775,S00775,Yes
776,S00776,Yes
777,S00777,No
778,S00778,No
779,S00779,No
780,S00780,No
781,S00781,No
782,S00782,Yes
783,S00783,No
784,S00784,No
785,S00785,No
786,S00786,No
787,S00787,No
788,S00788,No
789,S00789,No
790,S00790,Yes
791,S00791,No
792,S00792,No
793,S00793,No
794,S00794,Yes
795,S00795,No
796,S00796,No
797,S00797,No
798,S00798,Yes
799,S00799,No
800,S00800,Yes
801,S00801,No
802,S00802,No
803,S00803,No
804,S00804,No
805,S00805,No
806,S00806,No
807,S00807,No
808,S00808,Yes
809,S00809,No
810,S00810,Yes
811,S00811,No
812,S00812,No
813,S00813,No
814,S00814,No
815,S00815,No
816,S00816,No
817,S00817,Yes
818,S00818,No
819,S00819,No
820,S00820,No
821,S00821,Yes
822,S00822,No
823,S00823,No
824,S00824,No
825,S00825,No
826,S00826,No
827,S00827,Yes
828,S00828,No
829,S00829,No
830,S00830,Yes
831,S00831,Yes
832,S00832,No
833,S00833,No
834,S00834,No
835,S00835,No
836,S00836,No
837,S00837,No
838,S00838,No
839,S00839,No
840,S00840,No
841,S00841,No
842,S00842,No
843,S00843,No
844,S00844,No
845,S00845,Yes
846,S00846,No
847,S00847,No
848,S00848,No
849,S00849,No
850,S00850,No
851,S00851,No
852,S00852,No
853,S00853,No
854,S00854,Yes
855,S00855,No
856,S00856,No
857,S00857,No
858,S00858,No
859,S00859,No
860,S00860,No
861,S00861,No
862,S00862,No
863,S00863,No
864,S00864,No
865,S00865,No
866,S00866,No
867,S00867,No
868,S00868,No
869,S00869,Yes
870,S00870,No
871,S00871,No
872,S00872,No
873,S00873,No
874,S00874,No
875,S00875,No
876,S00876,No
877,S00877,Yes
878,S00878,No
879,S00879,No
880,S00880,No
881,S00881,No
882,S00882,No
883,S00883,Yes
884,S00884,No
885,S00885,No
886,S00886,No
887,S00887,No
888,S00888,No
889,S00889,Yes
890,S00890,No
891,S00891,No
892,S00892,No
893,S00893,No
894,S00894,Yes
895,S00895,No
896,S00896,No
897,S00897,No
898,S00898,Yes
899,S00899,No
900,S00900,No
901,S00901,Yes
902,S00902,Yes
903,S00903,Yes
904,S00904,No
905,S00905,No
906,S00906,No
907,S00907,No
908,S00908,No
909,S00909,No
910,S00910,No
911,S00911,No
912,S00912,No
913,S00913,No
914,S00914,No
915,S00915,No
916,S00916,No
917,S00917,No
918,S00918,No
919,S00919,No
920,S00920,No
921,S00921,Yes
922,S00922,No
923,S00923,No
924,S00924,No
925,S00925,Yes
926,S00926,No
927,S00927,No
928,S00928,No
929,S00929,No
930,S00930,Yes
931,S00931,No
932,S00932,No
933,S00933,No
934,S00934,No
935,S00935,Yes
936,S00936,No
937,S00937,No
938,S00938,No
939,S00939,No
940,S00940,No
941,S00941,No
942,S00942,Yes
943,S00943,Yes
944,S00944,No
945,S00945,Yes
946,S00946,No
947,S00947,No
948,S00948,Yes
949,S00949,Yes
950,S00950,No
951,S00951,No
952,S00952,No
953,S00953,Yes
954,S00954,Yes
955,S00955,No
956,S00956,No
957,S00957,No
958,S00958,No
959,S00959,No
960,S00960,No
961,S00961,No
962,S00962,No
963,S00963,No
964,S00964,No
965,S00965,No
966,S00966,No
967,S00967,No
968,S00968,No
969,S00969,No
970,S00970,No
971,S00971,Yes
972,S00972,No
973,S00973,No
974,S00974,No
975,S00975,No
976,S00976,Yes
977,S00977,No
978,S00978,Yes
979,S00979,No
980,S00980,No
981,S00981,No
982,S00982,No
983,S00983,No
984,S00984,No
985,S00985,No
986,S00986,No
987,S00987,No
988,S00988,No
989,S00989,No
990,S00990,Yes
991,S00991,No
992,S00992,Yes
993,S00993,No
994,S00994,No
995,S00995,Yes
996,S00996,No
997,S00997,No
998,S00998,No
999,S00999,No
1000,S01000,Yes
1001,S01001,No
1002,S01002,No
1003,S01003,No
1004,S01004,No
1005,S01005,Yes
1006,S01006,Yes
1007,S01007,No
1008,S01008,Yes
1009,S01009,Yes
1010,S01010,Yes
1011,S01011,No
1012,S01012,Yes
1013,S01013,No
1014,S01014,No
1015,S01015,No
1016,S01016,No
1017,S01017,No
1018,S01018,Yes
1019,S01019,No
1020,S01020,No
1021,S01021,No
1022,S01022,Yes
1023,S01023,Yes
1024,S01024,Yes
1025,S01025,No
1026,S01026,Yes
1027,S01027,Yes
1028,S01028,Yes
1029,S01029,No
1030,S01030,Yes
1031,S01031,No
1032,S01032,No
1033,S01033,No
1034,S01034,No
1035,S01035,No
1036,S01036,No
1037,S01037,No
1038,S01038,Yes
1039,S01039,No
1040,S01040,Yes
1041,S01041,No
1042,S01042,No
1043,S01043,No
1044,S01044,No
1045,S01045,No
1046,S01046,No
1047,S01047,Yes
1048,S01048,No
1049,S01049,No
1050,S01050,No
1051,S01051,No
1052,S01052,No
1053,S01053,Yes
1054,S01054,Yes
1055,S01055,No
1056,S01056,No
1057,S01057,No
1058,S01058,No
1059,S01059,No
1060,S01060,No
1061,S01061,Yes
1062,S01062,No
1063,S01063,No
1064,S01064,No
1065,S01065,No
1066,S01066,Yes
1067,S01067,No
1068,S01068,No
1069,S01069,No
1070,S01070,No
1071,S01071,No
1072,S01072,No
1073,S01073,No
1074,S01074,No
1075,S01075,No
1076,S01076,Yes
1077,S01077,No
1078,S01078,No
1079,S01079,No
1080,S01080,No
1081,S01081,No
1082,S01082,No
1083,S01083,No
1084,S01084,Yes
1085,S01085,No
1086,S01086,Yes
1087,S01087,No
1088,S01088,No
1089,S01089,No
1090,S01090,Yes
1091,S01091,No
1092,S01092,No
1093,S01093,No
1094,S01094,No
1095,S01095,No
1096,S01096,No
1097,S01097,No
1098,S01098,No
1099,S01099,No
1100,S01100,No
1101,S01101,No
1102,S01102,No
1103,S01103,No
1104,S01104,No
1105,S01105,No
1106,S01106,No
1107,S01107,No
1108,S01108,No
1109,S01109,No
1110,S01110,No
1111,S01111,No
1112,S01112,No
1113,S01113,No
1114,S01114,No
1115,S01115,Yes
1116,S01116,Yes
1117,S01117,No
1118,S01118,No
1119,S01119,No
1120,S01120,No
1121,S01121,No
1122,S01122,Yes
1123,S01123,No
1124,S01124,No
1125,S01125,Yes
1126,S01126,No
1127,S01127,No
1128,S01128,No
1129,S01129,No
1130,S01130,Yes
1131,S01131,No
1132,S01132,No
1133,S01133,No
1134,S01134,No
1135,S01135,No
1136,S01136,Yes
1137,S01137,Yes
1138,S01138,Yes
1139,S01139,No
1140,S01140,No
1141,S01141,No
1142,S01142,No
1143,S01143,No
1144,S01144,No
1145,S01145,No
1146,S01146,Yes
1147,S01147,No
1148,S01148,No
1149,S01149,No
1150,S01150,No
1151,S01151,No
1152,S01152,Yes
1153,S01153,No
1154,S01154,No
1155,S01155,No
1156,S01156,No
1157,S01157,No
1158,S01158,No
1159,S01159,No
1160,S01160,No
1161,S01161,No
1162,S01162,No
1163,S01163,No
1164,S01164,No
1165,S01165,No
1166,S01166,Yes
1167,S01167,No
1168,S01168,No
1169,S01169,No
1170,S01170,No
1171,S01171,No
1172,S01172,No
1173,S01173,Yes
1174,S01174,Yes
1175,S01175,No
1176,S01176,Yes
1177,S01177,No
1178,S01178,No
1179,S01179,No
1180,S01180,No
1181,S01181,No
1182,S01182,Yes
1183,S01183,No
1184,S01184,Yes
1185,S01185,No
1186,S01186,No
1187,S01187,No
1188,S01188,No
1189,S01189,No
1190,S01190,No
1191,S01191,No
1192,S01192,No
1193,S01193,Yes
1194,S01194,No
1195,S01195,Yes
1196,S01196,No
1197,S01197,No
1198,S01198,Yes
1199,S01199,No
1200,S01200,No
1201,S01201,No
1202,S01202,Yes
1203,S01203,Yes
1204,S01204,No
1205,S01205,No
1206,S01206,Yes
1207,S01207,No
1208,S01208,Yes
1209,S01209,No
1210,S01210,No
1211,S01211,No
1212,S01212,No
1213,S01213,No
1214,S01214,No
1215,S01215,No
1216,S01216,No
1217,S01217,No
1218,S01218,Yes
1219,S01219,No
1220,S01220,No
1221,S01221,No
1222,S01222,No
1223,S01223,No
1224,S01224,No
1225,S01225,No
1226,S01226,No
1227,S01227,No
1228,S01228,No
1229,S01229,No
1230,S01230,No
1231,S01231,No
1232,S01232,No
1233,S01233,No
1234,S01234,No
1235,S01235,No
1236,S01236,Yes
1237,S01237,No
1238,S01238,Yes
1239,S01239,No
1240,S01240,No
1241,S01241,No
1242,S01242,No
1243,S01243,No
1244,S01244,No
1245,S01245,No
1246,S01246,No
1247,S01247,No
1248,S01248,No
1249,S01249,No
1250,S01250,Yes
1251,S01251,No
1252,S01252,Yes
1253,S01253,No
1254,S01254,No
1255,S01255,No
1256,S01256,No
1257,S01257,No
1258,S01258,Yes
1259,S01259,No
1260,S01260,Yes
1261,S01261,No
1262,S01262,No
1263,S01263,Yes
1264,S01264,No
1265,S01265,No
1266,S01266,No
1267,S01267,No
1268,S01268,Yes
1269,S01269,Yes
1270,S01270,No
1271,S01271,No
1272,S01272,No
1273,S01273,No
1274,S01274,No
1275,S01275,No
1276,S01276,No
1277,S01277,No
1278,S01278,No
1279,S01279,No
1280,S01280,No
1281,S01281,No
1282,S01282,No
1283,S01283,Yes
1284,S01284,Yes
1285,S01285,No
1286,S01286,No
1287,S01287,No
1288,S01288,No
1289,S01289,No
1290,S01290,No
1291,S01291,No
1292,S01292,No
1293,S01293,Yes
1294,S01294,No
1295,S01295,No
1296,S01296,No
1297,S01297,No
1298,S01298,No
1299,S01299,No
1300,S01300,No
1301,S01301,No
1302,S01302,No
1303,S01303,No
1304,S01304,No
1305,S01305,No
1306,S01306,No
1307,S01307,No
1308,S01308,No
1309,S01309,No
1310,S01310,Yes
1311,S01311,No
1312,S01312,No
1313,S01313,No
1314,S01314,Yes
1315,S01315,No
1316,S01316,No
1317,S01317,No
1318,S01318,Yes
1319,S01319,No
1320,S01320,No
1321,S01321,No
1322,S01322,No
1323,S01323,Yes
1324,S01324,No
1325,S01325,No
1326,S01326,No
1327,S01327,No
1328,S01328,No
1329,S01329,No
1330,S01330,No
1331,S01331,Yes
1332,S01332,No
1333,S01333,No
1334,S01334,Yes
1335,S01335,No
1336,S01336,Yes
1337,S01337,No
1338,S01338,No
1339,S01339,No
1340,S01340,No
1341,S01341,No
1342,S01342,No
1343,S01343,No
1344,S01344,Yes
1345,S01345,Yes
1346,S01346,No
1347,S01347,No
1348,S01348,Yes
1349,S01349,No
1350,S01350,No
1351,S01351,No
1352,S01352,No
1353,S01353,No
1354,S01354,No
1355,S01355,No
1356,S01356,No
1357,S01357,No
1358,S01358,No
1359,S01359,Yes
1360,S01360,No
1361,S01361,No
1362,S01362,Yes
1363,S01363,Yes
1364,S01364,No
1365,S01365,No
1366,S01366,No
1367,S01367,No
1368,S01368,No
1369,S01369,No
1370,S01370,No
1371,S01371,Yes
1372,S01372,No
1373,S01373,No
1374,S01374,No
1375,S01375,No
1376,S01376,No
1377,S01377,No
1378,S01378,No
1379,S01379,No
1380,S01380,No
1381,S01381,No
1382,S01382,No
1383,S01383,No
1384,S01384,Yes
1385,S01385,No
1386,S01386,No
1387,S01387,No
1388,S01388,Yes
1389,S01389,No
1390,S01390,No
1391,S01391,Yes
1392,S01392,Yes
1393,S01393,Yes
1394,S01394,Yes
1395,S01395,No
1396,S01396,No
1397,S01397,No
1398,S01398,No
1399,S01399,No
1400,S01400,No
1401,S01401,No
1402,S01402,Yes
1403,S01403,No
1404,S01404,No
1405,S01405,No
1406,S01406,No
1407,S01407,No
1408,S01408,No
1409,S01409,No
1410,S01410,No
1411,S01411,No
1412,S01412,No
1413,S01413,Yes
1414,S01414,No
1415,S01415,No
1416,S01416,No
1417,S01417,Yes
1418,S01418,No
1419,S01419,No
1420,S01420,Yes
1421,S01421,Yes
1422,S01422,No
1423,S01423,No
1424,S01424,No
1425,S01425,No
1426,S01426,No
1427,S01427,No
1428,S01428,No
1429,S01429,No
1430,S01430,No
1431,S01431,No
1432,S01432,No
1433,S01433,No
1434,S01434,No
1435,S01435,Yes
1436,S01436,No
1437,S01437,No
1438,S01438,No
1439,S01439,No
1440,S01440,Yes
1441,S01441,No
1442,S01442,No
1443,S01443,No
1444,S01444,Yes
1445,S01445,No
1446,S01446,No
1447,S01447,No
1448,S01448,No
1449,S01449,No
1450,S01450,No
1451,S01451,No
1452,S01452,No
1453,S01453,No
1454,S01454,No
1455,S01455,No
1456,S01456,No
1457,S01457,No
1458,S01458,No
1459,S01459,No
1460,S01460,No
1461,S01461,No
1462,S01462,Yes
1463,S01463,Yes
1464,S01464,No
1465,S01465,Yes
1466,S01466,No
1467,S01467,No
1468,S01468,No
1469,S01469,No
1470,S01470,No
1471,S01471,No
1472,S01472,Yes
1473,S01473,No
1474,S01474,No
1475,S01475,No
1476,S01476,No
1477,S01477,Yes
1478,S01478,No
1479,S01479,No
1480,S01480,No
1481,S01481,No
1482,S01482,Yes
1483,S01483,Yes
1484,S01484,No
1485,S01485,Yes
1486,S01486,No
1487,S01487,No
1488,S01488,No
1489,S01489,No
1490,S01490,No
1491,S01491,No
1492,S01492,No
1493,S01493,No
1494,S01494,No
1495,S01495,No
1496,S01496,Yes
1497,S01497,No
1498,S01498,No
1499,S01499,No
1500,S01500,No
1501,S01501,No
1502,S01502,Yes
1503,S01503,Yes
1504,S01504,No
1505,S01505,No
1506,S01506,No
1507,S01507,Yes
1508,S01508,No
1509,S01509,Yes
1510,S01510,No
1511,S01511,No
1512,S01512,No
1513,S01513,Yes
1514,S01514,Yes
1515,S01515,No
1516,S01516,No
1517,S01517,No
1518,S01518,No
1519,S01519,No
1520,S01520,No
1521,S01521,No
1522,S01522,No
1523,S01523,No
1524,S01524,No
1525,S01525,No
1526,S01526,Yes
1527,S01527,No
1528,S01528,No
1529,S01529,No
1530,S01530,No
1531,S01531,No
1532,S01532,Yes
1533,S01533,No
1534,S01534,No
1535,S01535,No
1536,S01536,No
1537,S01537,No
1538,S01538,No
1539,S01539,No
1540,S01540,No
1541,S01541,Yes
1542,S01542,No
1543,S01543,No
1544,S01544,No
1545,S01545,No
1546,S01546,No
1547,S01547,No
1548,S01548,No
1549,S01549,No
1550,S01550,No
1551,S01551,Yes
1552,S01552,No
1553,S01553,No
1554,S01554,No
1555,S01555,Yes
1556,S01556,No
1557,S01557,No
1558,S01558,No
1559,S01559,Yes
1560,S01560,No
1561,S01561,No
1562,S01562,No
1563,S01563,No
1564,S01564,No
1565,S01565,No
1566,S01566,No
1567,S01567,Yes
1568,S01568,No
1569,S01569,No
1570,S01570,No
1571,S01571,Yes
1572,S01572,No
1573,S01573,No
1574,S01574,No
1575,S01575,Yes
1576,S01576,Yes
1577,S01577,Yes
1578,S01578,No
1579,S01579,No
1580,S01580,No
1581,S01581,No
1582,S01582,No
1583,S01583,No
1584,S01584,Yes
1585,S01585,Yes
1586,S01586,No
1587,S01587,No
1588,S01588,No
1589,S01589,Yes
1590,S01590,Yes
1591,S01591,No
1592,S01592,No
1593,S01593,No
1594,S01594,No
1595,S01595,Yes
1596,S01596,No
1597,S01597,No
1598,S01598,No
1599,S01599,Yes
1600,S01600,Yes
1601,S01601,No
1602,S01602,No
1603,S01603,No
1604,S01604,Yes
1605,S01605,No
1606,S01606,No
1607,S01607,No
1608,S01608,No
1609,S01609,No
1610,S01610,No
1611,S01611,No
1612,S01612,Yes
1613,S01613,No
1614,S01614,Yes
1615,S01615,No
1616,S01616,No
1617,S01617,Yes
1618,S01618,No
1619,S01619,No
1620,S01620,No
1621,S01621,No
1622,S01622,No
1623,S01623,No
1624,S01624,No
1625,S01625,No
1626,S01626,No
1627,S01627,No
1628,S01628,Yes
1629,S01629,No
1630,S01630,Yes
1631,S01631,No
1632,S01632,No
1633,S01633,No
1634,S01634,No
1635,S01635,No
1636,S01636,No
1637,S01637,No
1638,S01638,No
1639,S01639,No
1640,S01640,No
1641,S01641,No
1642,S01642,No
1643,S01643,No
1644,S01644,Yes
1645,S01645,No
1646,S01646,No
1647,S01647,No
1648,S01648,No
1649,S01649,Yes
1650,S01650,No
1651,S01651,No
1652,S01652,No
1653,S01653,No
1654,S01654,Yes
1655,S01655,No
1656,S01656,Yes
1657,S01657,No
1658,S01658,No
1659,S01659,No
1660,S01660,No
1661,S01661,Yes
1662,S01662,No
1663,S01663,No
1664,S01664,No
1665,S01665,No
1666,S01666,No
1667,S01667,No
1668,S01668,No
1669,S01669,Yes
1670,S01670,No
1671,S01671,No
1672,S01672,No
1673,S01673,Yes
1674,S01674,Yes
1675,S01675,No
1676,S01676,No
1677,S01677,No
1678,S01678,No
1679,S01679,No
1680,S01680,No
1681,S01681,No
1682,S01682,Yes
1683,S01683,No
1684,S01684,No
1685,S01685,No
1686,S01686,No
1687,S01687,No
1688,S01688,No
1689,S01689,No
1690,S01690,No
1691,S01691,No
1692,S01692,No
1693,S01693,No
1694,S01694,No
1695,S01695,No
1696,S01696,Yes
1697,S01697,No
1698,S01698,No
1699,S01699,No
1700,S01700,No
1701,S01701,No
1702,S01702,No
1703,S01703,No
1704,S01704,No
1705,S01705,No
1706,S01706,Yes
1707,S01707,No
1708,S01708,No
1709,S01709,No
1710,S01710,No
1711,S01711,Yes
1712,S01712,No
1713,S01713,Yes
1714,S01714,No
1715,S01715,No
1716,S01716,No
1717,S01717,No
1718,S01718,No
1719,S01719,No
1720,S01720,No
1721,S01721,Yes
1722,S01722,Yes
1723,S01723,No
1724,S01724,No
1725,S01725,No
1726,S01726,No
1727,S01727,No
1728,S01728,No
1729,S01729,Yes
1730,S01730,No
1731,S01731,No
1732,S01732,Yes
1733,S01733,No
1734,S01734,No
1735,S01735,Yes
1736,S01736,Yes
1737,S01737,No
1738,S01738,No
1739,S01739,No
1740,S01740,No
1741,S01741,No
1742,S01742,No
1743,S01743,No
1744,S01744,No
1745,S01745,No
1746,S01746,No
1747,S01747,No
1748,S01748,Yes
1749,S01749,No
1750,S01750,No
1751,S01751,No
1752,S01752,No
1753,S01753,No
1754,S01754,No
1755,S01755,No
1756,S01756,No
1757,S01757,No
1758,S01758,No
1759,S01759,No
1760,S01760,No
1761,S01761,Yes
1762,S01762,No
1763,S01763,No
1764,S01764,No
1765,S01765,No
1766,S01766,No
1767,S01767,No
1768,S01768,No
1769,S01769,Yes
1770,S01770,No
1771,S01771,Yes
1772,S01772,No
1773,S01773,No
1774,S01774,No
1775,S01775,No
1776,S01776,No
1777,S01777,No
1778,S01778,Yes
1779,S01779,No
1780,S01780,No
1781,S01781,Yes
1782,S01782,No
1783,S01783,No
1784,S01784,No
1785,S01785,No
1786,S01786,No
1787,S01787,No
1788,S01788,No
1789,S01789,No
1790,S01790,No
1791,S01791,No
1792,S01792,No
1793,S01793,Yes
1794,S01794,No
1795,S01795,No
1796,S01796,No
1797,S01797,No
1798,S01798,No
1799,S01799,No
1800,S01800,Yes
1801,S01801,No
1802,S01802,No
1803,S01803,No
1804,S01804,No
1805,S01805,No
1806,S01806,Yes
1807,S01807,No
1808,S01808,No
1809,S01809,No
1810,S01810,No
1811,S01811,Yes
1812,S01812,No
1813,S01813,No
1814,S01814,No
1815,S01815,No
1816,S01816,No
1817,S01817,No
1818,S01818,No
1819,S01819,No
1820,S01820,No
1821,S01821,No
1822,S01822,No
1823,S01823,No
1824,S01824,Yes
1825,S01825,Yes
1826,S01826,No
1827,S01827,No
1828,S01828,No
1829,S01829,No
1830,S01830,No
1831,S01831,Yes
1832,S01832,No
1833,S01833,Yes
1834,S01834,No
1835,S01835,No
1836,S01836,No
1837,S01837,No
1838,S01838,No
1839,S01839,No
1840,S01840,No
1841,S01841,No
1842,S01842,No
1843,S01843,No
1844,S01844,No
1845,S01845,No
1846,S01846,No
1847,S01847,No
1848,S01848,Yes
1849,S01849,No
1850,S01850,No
1851,S01851,No
1852,S01852,No
1853,S01853,No
1854,S01854,Yes
1855,S01855,No
1856,S01856,No
1857,S01857,No
1858,S01858,Yes
1859,S01859,Yes
1860,S01860,No
1861,S01861,No
1862,S01862,Yes
1863,S01863,Yes
1864,S01864,Yes
1865,S01865,No
1866,S01866,No
1867,S01867,No
1868,S01868,No
1869,S01869,No
1870,S01870,No
1871,S01871,No
1872,S01872,No
1873,S01873,Yes
1874,S01874,Yes
1875,S01875,Yes
1876,S01876,No
1877,S01877,No
1878,S01878,No
1879,S01879,No
1880,S01880,No
1881,S01881,No
1882,S01882,No
1883,S01883,No
1884,S01884,No
1885,S01885,No
1886,S01886,No
1887,S01887,No
1888,S01888,Yes
1889,S01889,No
1890,S01890,No
1891,S01891,No
1892,S01892,Yes
1893,S01893,Yes
1894,S01894,No
1895,S01895,Yes
1896,S01896,No
1897,S01897,No
1898,S01898,No
1899,S01899,No
1900,S01900,No
1901,S01901,No
1902,S01902,No
1903,S01903,No
1904,S01904,No
1905,S01905,No
1906,S01906,No
1907,S01907,No
1908,S01908,No
1909,S01909,No
1910,S01910,No
1911,S01911,Yes
1912,S01912,No
1913,S01913,No
1914,S01914,No
1915,S01915,No
1916,S01916,Yes
1917,S01917,No
1918,S01918,No
1919,S01919,No
1920,S01920,No
1921,S01921,No
1922,S01922,No
1923,S01923,No
1924,S01924,No
1925,S01925,No
1926,S01926,Yes
1927,S01927,No
1928,S01928,No
1929,S01929,Yes
1930,S01930,No
1931,S01931,No
1932,S01932,No
1933,S01933,No
1934,S01934,No
1935,S01935,Yes
1936,S01936,Yes
1937,S01937,No
1938,S01938,Yes
1939,S01939,No
1940,S01940,No
1941,S01941,No
1942,S01942,Yes
1943,S01943,No
1944,S01944,No
1945,S01945,No
1946,S01946,Yes
1947,S01947,No
1948,S01948,No
1949,S01949,Yes
1950,S01950,No
1951,S01951,No
1952,S01952,No
1953,S01953,No
1954,S01954,Yes
1955,S01955,No
1956,S01956,No
1957,S01957,Yes
1958,S01958,No
1959,S01959,Yes
1960,S01960,No
1961,S01961,No
1962,S01962,No
1963,S01963,No
1964,S01964,No
1965,S01965,No
1966,S01966,No
1967,S01967,No
1968,S01968,No
1969,S01969,No
1970,S01970,No
1971,S01971,No
1972,S01972,Yes
1973,S01973,No
1974,S01974,No
1975,S01975,No
1976,S01976,No
1977,S01977,Yes
1978,S01978,Yes
1979,S01979,Yes
1980,S01980,No
1981,S01981,Yes
1982,S01982,No
1983,S01983,Yes
1984,S01984,No
1985,S01985,No
1986,S01986,No
1987,S01987,No
1988,S01988,No
1989,S01989,No
1990,S01990,No
1991,S01991,No
1992,S01992,No
1993,S01993,No
1994,S01994,No
1995,S01995,Yes
1996,S01996,Yes
1997,S01997,No
1998,S01998,No
1999,S01999,No
2000,S02000,No
2001,S02001,No
2002,S02002,Yes
2003,S02003,No
2004,S02004,No
2005,S02005,No
2006,S02006,No
2007,S02007,No
2008,S02008,No
2009,S02009,No
2010,S02010,No
2011,S02011,No
2012,S02012,Yes
2013,S02013,No
2014,S02014,No
2015,S02015,No
2016,S02016,No
2017,S02017,No
2018,S02018,No
2019,S02019,No
2020,S02020,No
2021,S02021,No
2022,S02022,No
2023,S02023,Yes
2024,S02024,No
2025,S02025,No
2026,S02026,No
2027,S02027,Yes
2028,S02028,No
2029,S02029,Yes
2030,S02030,No
2031,S02031,No
2032,S02032,No
2033,S02033,No
2034,S02034,Yes
2035,S02035,No
2036,S02036,No
2037,S02037,Yes
2038,S02038,No
2039,S02039,Yes
2040,S02040,No
2041,S02041,No
2042,S02042,No
2043,S02043,No
2044,S02044,Yes
2045,S02045,No
2046,S02046,No
2047,S02047,No
2048,S02048,No
2049,S02049,No
2050,S02050,No
2051,S02051,No
2052,S02052,No
2053,S02053,No
2054,S02054,No
2055,S02055,No
2056,S02056,No
2057,S02057,No
2058,S02058,No
2059,S02059,No
2060,S02060,Yes
2061,S02061,No
2062,S02062,No
2063,S02063,No
2064,S02064,Yes
2065,S02065,No
2066,S02066,No
2067,S02067,No
2068,S02068,No
2069,S02069,No
2070,S02070,No
2071,S02071,Yes
2072,S02072,No
2073,S02073,No
2074,S02074,No
2075,S02075,No
2076,S02076,Yes
2077,S02077,No
2078,S02078,No
2079,S02079,Yes
2080,S02080,No
2081,S02081,Yes
2082,S02082,No
2083,S02083,No
2084,S02084,No
2085,S02085,No
2086,S02086,No
2087,S02087,No
2088,S02088,No
2089,S02089,No
2090,S02090,Yes
2091,S02091,No
2092,S02092,No
2093,S02093,No
2094,S02094,No
2095,S02095,Yes
2096,S02096,Yes
2097,S02097,No
2098,S02098,Yes
2099,S02099,Yes
2100,S02100,Yes
2101,S02101,No
2102,S02102,No
2103,S02103,Yes
2104,S02104,No
2105,S02105,No
2106,S02106,No
2107,S02107,No
2108,S02108,No
2109,S02109,Yes
2110,S02110,Yes
2111,S02111,Yes
2112,S02112,No
2113,S02113,No
2114,S02114,No
2115,S02115,No
2116,S02116,No
2117,S02117,Yes
2118,S02118,No
2119,S02119,Yes
2120,S02120,Yes
2121,S02121,No
2122,S02122,No
2123,S02123,No
2124,S02124,No
2125,S02125,No
2126,S02126,No
2127,S02127,No
2128,S02128,No
2129,S02129,No
2130,S02130,No
2131,S02131,No
2132,S02132,No
2133,S02133,No
2134,S02134,No
2135,S02135,No
2136,S02136,No
2137,S02137,Yes
2138,S02138,No
2139,S02139,No
2140,S02140,No
2141,S02141,No
2142,S02142,No
2143,S02143,No
2144,S02144,No
2145,S02145,Yes
2146,S02146,No
2147,S02147,No
2148,S02148,No
2149,S02149,No
2150,S02150,No
2151,S02151,No
2152,S02152,No
2153,S02153,No
2154,S02154,No
2155,S02155,No
2156,S02156,No
2157,S02157,No
2158,S02158,Yes
2159,S02159,No
2160,S02160,No
2161,S02161,No
2162,S02162,Yes
2163,S02163,No
2164,S02164,No
2165,S02165,Yes
2166,S02166,No
2167,S02167,No
2168,S02168,No
2169,S02169,Yes
2170,S02170,No
2171,S02171,Yes
2172,S02172,Yes
2173,S02173,No
2174,S02174,No
2175,S02175,No
2176,S02176,No
2177,S02177,No
2178,S02178,Yes
2179,S02179,No
2180,S02180,No
2181,S02181,No
2182,S02182,No
2183,S02183,No
2184,S02184,No
2185,S02185,Yes
2186,S02186,Yes
2187,S02187,Yes
2188,S02188,No
2189,S02189,Yes
2190,S02190,No
2191,S02191,No
2192,S02192,No
2193,S02193,No
2194,S02194,No
2195,S02195,No
2196,S02196,No
2197,S02197,No
2198,S02198,No
2199,S02199,No
2200,S02200,No
2201,S02201,No
2202,S02202,No
2203,S02203,Yes
2204,S02204,No
2205,S02205,No
2206,S02206,Yes
2207,S02207,Yes
2208,S02208,Yes
2209,S02209,No
2210,S02210,Yes
2211,S02211,No
2212,S02212,Yes
2213,S02213,No
2214,S02214,No
2215,S02215,No
2216,S02216,No
2217,S02217,No
2218,S02218,No
2219,S02219,No
2220,S02220,No
2221,S02221,No
2222,S02222,No
2223,S02223,No
2224,S02224,Yes
2225,S02225,No
2226,S02226,No
2227,S02227,Yes
2228,S02228,No
2229,S02229,Yes
2230,S02230,No
2231,S02231,No
2232,S02232,Yes
2233,S02233,No
2234,S02234,No
2235,S02235,Yes
2236,S02236,No
2237,S02237,No
2238,S02238,No
2239,S02239,No
2240,S02240,No
2241,S02241,Yes
2242,S02242,Yes
2243,S02243,No
2244,S02244,No
2245,S02245,No
2246,S02246,No
2247,S02247,No
2248,S02248,No
2249,S02249,No
2250,S02250,No
2251,S02251,Yes
2252,S02252,No
2253,S02253,No
2254,S02254,No
2255,S02255,No
2256,S02256,No
2257,S02257,No
2258,S02258,No
2259,S02259,No
2260,S02260,Yes
2261,S02261,Yes
2262,S02262,No
2263,S02263,Yes
2264,S02264,No
2265,S02265,No
2266,S02266,No
2267,S02267,No
2268,S02268,No
2269,S02269,No
2270,S02270,No
2271,S02271,No
2272,S02272,No
2273,S02273,Yes
2274,S02274,No
2275,S02275,No
2276,S02276,No
2277,S02277,No
2278,S02278,No
2279,S02279,No
2280,S02280,Yes
2281,S02281,Yes
2282,S02282,Yes
2283,S02283,No
2284,S02284,Yes
2285,S02285,No
2286,S02286,No
2287,S02287,Yes
2288,S02288,No
2289,S02289,No
2290,S02290,No
2291,S02291,No
2292,S02292,Yes
2293,S02293,No
2294,S02294,No
2295,S02295,No
2296,S02296,No
2297,S02297,No
2298,S02298,No
2299,S02299,No
2300,S02300,Yes
2301,S02301,Yes
2302,S02302,No
2303,S02303,No
2304,S02304,Yes
2305,S02305,No
2306,S02306,No
2307,S02307,No
2308,S02308,No
2309,S02309,No
2310,S02310,No
2311,S02311,Yes
2312,S02312,No
2313,S02313,Yes
2314,S02314,No
2315,S02315,Yes
2316,S02316,No
2317,S02317,No
2318,S02318,No
2319,S02319,No
2320,S02320,No
2321,S02321,No
2322,S02322,No
2323,S02323,No
2324,S02324,No
2325,S02325,No
2326,S02326,No
2327,S02327,No
2328,S02328,No
2329,S02329,Yes
2330,S02330,No
2331,S02331,No
2332,S02332,No
2333,S02333,No
2334,S02334,Yes
2335,S02335,No
2336,S02336,No
2337,S02337,No
2338,S02338,Yes
2339,S02339,No
2340,S02340,No
2341,S02341,No
2342,S02342,Yes
2343,S02343,No
2344,S02344,Yes
2345,S02345,No
2346,S02346,No
2347,S02347,No
2348,S02348,No
2349,S02349,Yes
2350,S02350,No
2351,S02351,No
2352,S02352,No
2353,S02353,No
2354,S02354,No
2355,S02355,No
2356,S02356,No
2357,S02357,No
2358,S02358,No
2359,S02359,No
2360,S02360,No
2361,S02361,No
2362,S02362,No
2363,S02363,Yes
2364,S02364,No
2365,S02365,No
2366,S02366,Yes
2367,S02367,No
2368,S02368,No
2369,S02369,No
2370,S02370,Yes
2371,S02371,No
2372,S02372,No
2373,S02373,Yes
2374,S02374,Yes
2375,S02375,No
2376,S02376,No
2377,S02377,No
2378,S02378,No
2379,S02379,No
2380,S02380,No
2381,S02381,No
2382,S02382,No
2383,S02383,Yes
2384,S02384,No
2385,S02385,No
2386,S02386,No
2387,S02387,No
2388,S02388,No
2389,S02389,No
2390,S02390,No
2391,S02391,Yes
2392,S02392,No
2393,S02393,No
2394,S02394,No
2395,S02395,No
2396,S02396,No
2397,S02397,No
2398,S02398,No
2399,S02399,Yes
2400,S02400,Yes
2401,S02401,No
2402,S02402,No
2403,S02403,No
2404,S02404,No
2405,S02405,No
2406,S02406,Yes
2407,S02407,No
2408,S02408,No
2409,S02409,No
2410,S02410,Yes
2411,S02411,No
2412,S02412,No
2413,S02413,No
2414,S02414,No
2415,S02415,Yes
2416,S02416,No
2417,S02417,Yes
2418,S02418,No
2419,S02419,No
2420,S02420,No
2421,S02421,Yes
2422,S02422,No
2423,S02423,No
2424,S02424,Yes
2425,S02425,No
2426,S02426,No
2427,S02427,No
2428,S02428,Yes
2429,S02429,No
2430,S02430,No
2431,S02431,No
2432,S02432,No
2433,S02433,Yes
2434,S02434,No
2435,S02435,Yes
2436,S02436,No
2437,S02437,No
2438,S02438,No
2439,S02439,No
2440,S02440,No
2441,S02441,No
2442,S02442,No
2443,S02443,No
2444,S02444,No
2445,S02445,No
2446,S02446,Yes
2447,S02447,No
2448,S02448,No
2449,S02449,No
2450,S02450,No
2451,S02451,No
2452,S02452,Yes
2453,S02453,Yes
2454,S02454,No
2455,S02455,No
2456,S02456,No
2457,S02457,No
2458,S02458,No
2459,S02459,No
2460,S02460,No
2461,S02461,Yes
2462,S02462,No
2463,S02463,Yes
2464,S02464,No
2465,S02465,Yes
2466,S02466,No
2467,S02467,No
2468,S02468,Yes
2469,S02469,Yes
2470,S02470,No
2471,S02471,No
2472,S02472,No
2473,S02473,Yes
2474,S02474,Yes
2475,S02475,No
2476,S02476,No
2477,S02477,No
2478,S02478,No
2479,S02479,No
2480,S02480,Yes
2481,S02481,No
2482,S02482,Yes
2483,S02483,No
2484,S02484,No
2485,S02485,No
2486,S02486,Yes
2487,S02487,No
2488,S02488,No
2489,S02489,No
2490,S02490,No
2491,S02491,No
2492,S02492,No
2493,S02493,No
2494,S02494,No
2495,S02495,Yes
2496,S02496,No
2497,S02497,No
2498,S02498,No
2499,S02499,Yes
2500,S02500,No
2501,S02501,No
2502,S02502,No
2503,S02503,No
2504,S02504,Yes
2505,S02505,No
2506,S02506,No
2507,S02507,No
2508,S02508,Yes
2509,S02509,No
2510,S02510,No
2511,S02511,No
2512,S02512,No
2513,S02513,No
2514,S02514,No
2515,S02515,No
2516,S02516,No
2517,S02517,No
2518,S02518,No
2519,S02519,No
2520,S02520,No
2521,S02521,Yes
2522,S02522,No
2523,S02523,Yes
2524,S02524,No
2525,S02525,No
2526,S02526,No
2527,S02527,No
2528,S02528,Yes
2529,S02529,No
2530,S02530,No
2531,S02531,No
2532,S02532,No
2533,S02533,No
2534,S02534,No
2535,S02535,No
2536,S02536,No
2537,S02537,No
2538,S02538,Yes
2539,S02539,No
2540,S02540,No
2541,S02541,No
2542,S02542,Yes
2543,S02543,No
2544,S02544,No
2545,S02545,No
2546,S02546,Yes
2547,S02547,No
2548,S02548,Yes
2549,S02549,Yes
2550,S02550,No
2551,S02551,Yes
2552,S02552,Yes
2553,S02553,No
2554,S02554,No
2555,S02555,Yes
2556,S02556,No
2557,S02557,No
2558,S02558,No
2559,S02559,Yes
2560,S02560,Yes
2561,S02561,No
2562,S02562,No
2563,S02563,No
2564,S02564,No
2565,S02565,No
2566,S02566,Yes
2567,S02567,No
2568,S02568,No
2569,S02569,No
2570,S02570,No
2571,S02571,No
2572,S02572,No
2573,S02573,No
2574,S02574,No
2575,S02575,No
2576,S02576,No
2577,S02577,No
2578,S02578,No
2579,S02579,No
2580,S02580,No
2581,S02581,No
2582,S02582,No
2583,S02583,No
2584,S02584,No
2585,S02585,No
2586,S02586,No
2587,S02587,No
2588,S02588,Yes
2589,S02589,No
2590,S02590,No
2591,S02591,No
2592,S02592,No
2593,S02593,No
2594,S02594,No
2595,S02595,Yes
2596,S02596,Yes
2597,S02597,No
2598,S02598,No
2599,S02599,No
2600,S02600,No
2601,S02601,No
2602,S02602,No
2603,S02603,No
2604,S02604,No
2605,S02605,No
2606,S02606,No
2607,S02607,No
2608,S02608,No
2609,S02609,No
2610,S02610,No
2611,S02611,Yes
2612,S02612,No
2613,S02613,No
2614,S02614,No
2615,S02615,No
2616,S02616,No
2617,S02617,Yes
2618,S02618,Yes
2619,S02619,No
2620,S02620,No
2621,S02621,No
2622,S02622,No
2623,S02623,No
2624,S02624,Yes
2625,S02625,Yes
2626,S02626,No
2627,S02627,No
2628,S02628,No
2629,S02629,No
2630,S02630,Yes
2631,S02631,No
2632,S02632,Yes
2633,S02633,No
2634,S02634,No
2635,S02635,No
2636,S02636,Yes
2637,S02637,No
2638,S02638,Yes
2639,S02639,No
2640,S02640,No
2641,S02641,No
2642,S02642,No
2643,S02643,No
2644,S02644,No
2645,S02645,Yes
2646,S02646,No
2647,S02647,Yes
2648,S02648,Yes
2649,S02649,Yes
2650,S02650,No
2651,S02651,No
2652,S02652,No
2653,S02653,No
2654,S02654,No
2655,S02655,No
2656,S02656,Yes
2657,S02657,No
2658,S02658,No
2659,S02659,No
2660,S02660,No
2661,S02661,No
2662,S02662,Yes
2663,S02663,No
2664,S02664,Yes
2665,S02665,No
2666,S02666,No
2667,S02667,No
2668,S02668,Yes
2669,S02669,Yes
2670,S02670,Yes
2671,S02671,No
2672,S02672,No
2673,S02673,No
2674,S02674,No
2675,S02675,No
2676,S02676,No
2677,S02677,No
2678,S02678,Yes
2679,S02679,Yes
2680,S02680,Yes
2681,S02681,No
2682,S02682,Yes
2683,S02683,No
2684,S02684,No
2685,S02685,No
2686,S02686,No
2687,S02687,No
2688,S02688,No
2689,S02689,Yes
2690,S02690,No
2691,S02691,No
2692,S02692,No
2693,S02693,No
2694,S02694,No
2695,S02695,No
2696,S02696,Yes
2697,S02697,No
2698,S02698,No
2699,S02699,No
2700,S02700,No
2701,S02701,No
2702,S02702,No
2703,S02703,No
2704,S02704,No
2705,S02705,No
2706,S02706,No
2707,S02707,No
2708,S02708,No
2709,S02709,No
2710,S02710,Yes
2711,S02711,No
2712,S02712,No
2713,S02713,No
2714,S02714,No
2715,S02715,No
2716,S02716,No
2717,S02717,No
2718,S02718,No
2719,S02719,No
2720,S02720,No
2721,S02721,No
2722,S02722,No
2723,S02723,Yes
2724,S02724,No
2725,S02725,No
2726,S02726,No
2727,S02727,No
2728,S02728,Yes
2729,S02729,No
2730,S02730,No
2731,S02731,No
2732,S02732,Yes
2733,S02733,No
2734,S02734,No
2735,S02735,No
2736,S02736,No
2737,S02737,No
2738,S02738,No
2739,S02739,No
2740,S02740,No
2741,S02741,No
2742,S02742,No
2743,S02743,Yes
2744,S02744,Yes
2745,S02745,No
2746,S02746,No
2747,S02747,No
2748,S02748,No
2749,S02749,No
2750,S02750,No
2751,S02751,No
2752,S02752,No
2753,S02753,No
2754,S02754,No
2755,S02755,No
2756,S02756,No
2757,S02757,No
2758,S02758,No
2759,S02759,No
2760,S02760,Yes
2761,S02761,No
2762,S02762,No
2763,S02763,No
2764,S02764,No
2765,S02765,No
2766,S02766,No
2767,S02767,No
2768,S02768,No
2769,S02769,No
2770,S02770,No
2771,S02771,No
2772,S02772,No
2773,S02773,No
2774,S02774,No
2775,S02775,No
2776,S02776,No
2777,S02777,No
2778,S02778,No
2779,S02779,No
2780,S02780,Yes
2781,S02781,Yes
2782,S02782,No
2783,S02783,No
2784,S02784,Yes
2785,S02785,No
2786,S02786,No
2787,S02787,No
2788,S02788,No
2789,S02789,No
2790,S02790,Yes
2791,S02791,No
2792,S02792,No
2793,S02793,No
2794,S02794,Yes
2795,S02795,No
2796,S02796,No
2797,S02797,No
2798,S02798,Yes
2799,S02799,No
2800,S02800,No
2801,S02801,No
2802,S02802,No
2803,S02803,Yes
2804,S02804,No
2805,S02805,No
2806,S02806,Yes
2807,S02807,No
2808,S02808,No
2809,S02809,Yes
2810,S02810,No
2811,S02811,No
2812,S02812,No
2813,S02813,No
2814,S02814,No
2815,S02815,Yes
2816,S02816,No
2817,S02817,No
2818,S02818,No
2819,S02819,Yes
2820,S02820,No
2821,S02821,No
2822,S02822,No
2823,S02823,No
2824,S02824,No
2825,S02825,No
2826,S02826,No
2827,S02827,Yes
2828,S02828,No
2829,S02829,No
2830,S02830,No
2831,S02831,No
2832,S02832,No
2833,S02833,No
2834,S02834,No
2835,S02835,No
2836,S02836,No
2837,S02837,No
2838,S02838,No
2839,S02839,No
2840,S02840,No
2841,S02841,Yes
2842,S02842,No
2843,S02843,No
2844,S02844,No
2845,S02845,No
2846,S02846,No
2847,S02847,No
2848,S02848,No
2849,S02849,No
2850,S02850,No
2851,S02851,No
2852,S02852,No
2853,S02853,Yes
2854,S02854,Yes
2855,S02855,No
2856,S02856,No
2857,S02857,No
2858,S02858,No
2859,S02859,Yes
2860,S02860,No
2861,S02861,Yes
2862,S02862,No
2863,S02863,No
2864,S02864,No
2865,S02865,No
2866,S02866,Yes
2867,S02867,No
2868,S02868,No
2869,S02869,No
2870,S02870,No
2871,S02871,No
2872,S02872,No
2873,S02873,No
2874,S02874,No
2875,S02875,No
2876,S02876,No
2877,S02877,No
2878,S02878,No
2879,S02879,No
2880,S02880,No
2881,S02881,No
2882,S02882,No
2883,S02883,No
2884,S02884,No
2885,S02885,No
2886,S02886,No
2887,S02887,Yes
2888,S02888,No
2889,S02889,Yes
2890,S02890,Yes
2891,S02891,No
2892,S02892,No
2893,S02893,No
2894,S02894,Yes
2895,S02895,No
2896,S02896,No
2897,S02897,Yes
2898,S02898,No
2899,S02899,Yes
2900,S02900,No
2901,S02901,No
2902,S02902,No
2903,S02903,No
2904,S02904,No
2905,S02905,No
2906,S02906,Yes
2907,S02907,No
2908,S02908,No
2909,S02909,No
2910,S02910,Yes
2911,S02911,No
2912,S02912,No
2913,S02913,Yes
2914,S02914,No
2915,S02915,No
2916,S02916,Yes
2917,S02917,Yes
2918,S02918,No
2919,S02919,No
2920,S02920,No
2921,S02921,No
2922,S02922,No
2923,S02923,No
2924,S02924,Yes
2925,S02925,Yes
2926,S02926,Yes
2927,S02927,No
2928,S02928,No
2929,S02929,No
2930,S02930,No
2931,S02931,No
2932,S02932,No
2933,S02933,No
2934,S02934,No
2935,S02935,Yes
2936,S02936,No
2937,S02937,No
2938,S02938,Yes
2939,S02939,No
2940,S02940,No
2941,S02941,No
2942,S02942,No
2943,S02943,Yes
2944,S02944,No
2945,S02945,No
2946,S02946,No
2947,S02947,No
2948,S02948,No
2949,S02949,No
2950,S02950,No
2951,S02951,Yes
2952,S02952,No
2953,S02953,Yes
2954,S02954,No
2955,S02955,No
2956,S02956,Yes
2957,S02957,Yes
2958,S02958,No
2959,S02959,No
2960,S02960,No
2961,S02961,No
2962,S02962,No
2963,S02963,No
2964,S02964,No
2965,S02965,No
2966,S02966,No
2967,S02967,No
2968,S02968,No
2969,S02969,No
2970,S02970,No
2971,S02971,No
2972,S02972,No
2973,S02973,Yes
2974,S02974,No
2975,S02975,No
2976,S02976,No
2977,S02977,No
2978,S02978,No
2979,S02979,Yes
2980,S02980,No
2981,S02981,No
2982,S02982,No
2983,S02983,Yes
2984,S02984,No
2985,S02985,No
2986,S02986,No
2987,S02987,Yes
2988,S02988,Yes
2989,S02989,No
2990,S02990,Yes
2991,S02991,No
2992,S02992,Yes
2993,S02993,No
2994,S02994,Yes
2995,S02995,No
2996,S02996,No
2997,S02997,Yes
2998,S02998,Yes
2999,S02999,No
3000,S03000,Yes
3001,S03001,Yes
3002,S03002,No
3003,S03003,No
3004,S03004,No
3005,S03005,No
3006,S03006,No
3007,S03007,No
3008,S03008,No
3009,S03009,Yes
3010,S03010,No
3011,S03011,No
3012,S03012,Yes
3013,S03013,No
3014,S03014,No
3015,S03015,No
3016,S03016,No
3017,S03017,No
3018,S03018,No
3019,S03019,No
3020,S03020,No
3021,S03021,No
3022,S03022,No
3023,S03023,No
3024,S03024,No
3025,S03025,No
3026,S03026,No
3027,S03027,No
3028,S03028,No
3029,S03029,No
3030,S03030,Yes
3031,S03031,No
3032,S03032,No
3033,S03033,No
3034,S03034,No
3035,S03035,No
3036,S03036,Yes
3037,S03037,No
3038,S03038,Yes
3039,S03039,No
3040,S03040,No
3041,S03041,No
3042,S03042,No
3043,S03043,No
3044,S03044,No
3045,S03045,No
3046,S03046,No
3047,S03047,No
3048,S03048,No
3049,S03049,No
3050,S03050,No
3051,S03051,No
3052,S03052,Yes
3053,S03053,No
3054,S03054,No
3055,S03055,No
3056,S03056,No
3057,S03057,No
3058,S03058,No
3059,S03059,Yes
3060,S03060,No
3061,S03061,Yes
3062,S03062,Yes
3063,S03063,No
3064,S03064,No
3065,S03065,Yes
3066,S03066,Yes
3067,S03067,No
3068,S03068,No
3069,S03069,Yes
3070,S03070,No
3071,S03071,No
3072,S03072,No
3073,S03073,Yes
3074,S03074,No
3075,S03075,No
3076,S03076,No
3077,S03077,No
3078,S03078,No
3079,S03079,Yes
3080,S03080,No
3081,S03081,No
3082,S03082,Yes
3083,S03083,No
3084,S03084,No
3085,S03085,No
3086,S03086,No
3087,S03087,No
3088,S03088,Yes
3089,S03089,Yes
3090,S03090,Yes
3091,S03091,No
3092,S03092,No
3093,S03093,No
3094,S03094,No
3095,S03095,No
3096,S03096,No
3097,S03097,No
3098,S03098,Yes
3099,S03099,No
3100,S03100,Yes
3101,S03101,No
3102,S03102,No
3103,S03103,No
3104,S03104,No
3105,S03105,No
3106,S03106,No
3107,S03107,No
3108,S03108,Yes
3109,S03109,No
3110,S03110,No
3111,S03111,No
3112,S03112,Yes
3113,S03113,No
3114,S03114,No
3115,S03115,No
3116,S03116,No
3117,S03117,No
3118,S03118,No
3119,S03119,No
3120,S03120,Yes
3121,S03121,No
3122,S03122,No
3123,S03123,No
3124,S03124,Yes
3125,S03125,No
3126,S03126,Yes
3127,S03127,No
3128,S03128,Yes
3129,S03129,No
3130,S03130,No
3131,S03131,No
3132,S03132,No
3133,S03133,No
3134,S03134,Yes
3135,S03135,No
3136,S03136,No
3137,S03137,Yes
3138,S03138,No
3139,S03139,No
3140,S03140,No
3141,S03141,Yes
3142,S03142,No
3143,S03143,No
3144,S03144,No
3145,S03145,No
3146,S03146,No
3147,S03147,No
3148,S03148,No
3149,S03149,No
3150,S03150,No
3151,S03151,No
3152,S03152,Yes
3153,S03153,Yes
3154,S03154,Yes
3155,S03155,No
3156,S03156,No
3157,S03157,Yes
3158,S03158,Yes
3159,S03159,No
3160,S03160,No
3161,S03161,No
3162,S03162,No
3163,S03163,No
3164,S03164,No
3165,S03165,No
3166,S03166,Yes
3167,S03167,No
3168,S03168,Yes
3169,S03169,No
3170,S03170,No
3171,S03171,No
3172,S03172,No
3173,S03173,No
3174,S03174,Yes
3175,S03175,Yes
3176,S03176,No
3177,S03177,No
3178,S03178,No
3179,S03179,No
3180,S03180,Yes
3181,S03181,Yes
3182,S03182,Yes
3183,S03183,No
3184,S03184,Yes
3185,S03185,No
3186,S03186,No
3187,S03187,No
3188,S03188,Yes
3189,S03189,No
3190,S03190,No
3191,S03191,Yes
3192,S03192,No
3193,S03193,No
3194,S03194,No
3195,S03195,No
3196,S03196,No
3197,S03197,No
3198,S03198,No
3199,S03199,Yes
3200,S03200,No
3201,S03201,No
3202,S03202,Yes
3203,S03203,Yes
3204,S03204,No
3205,S03205,No
3206,S03206,No
3207,S03207,No
3208,S03208,No
3209,S03209,No
3210,S03210,No
3211,S03211,No
3212,S03212,No
3213,S03213,Yes
3214,S03214,No
3215,S03215,No
3216,S03216,No
3217,S03217,No
3218,S03218,No
3219,S03219,No
3220,S03220,No
3221,S03221,No
3222,S03222,No
3223,S03223,Yes
3224,S03224,No
3225,S03225,No
3226,S03226,No
3227,S03227,No
3228,S03228,No
3229,S03229,No
3230,S03230,No
3231,S03231,No
3232,S03232,No
3233,S03233,No
3234,S03234,No
3235,S03235,Yes
3236,S03236,No
3237,S03237,No
3238,S03238,No
3239,S03239,No
3240,S03240,No
3241,S03241,No
3242,S03242,No
3243,S03243,No
3244,S03244,No
3245,S03245,Yes
3246,S03246,No
3247,S03247,Yes
3248,S03248,No
3249,S03249,No
3250,S03250,No
3251,S03251,No
3252,S03252,No
3253,S03253,No
3254,S03254,No
3255,S03255,No
3256,S03256,Yes
3257,S03257,No
3258,S03258,No
3259,S03259,No
3260,S03260,No
3261,S03261,No
3262,S03262,No
3263,S03263,Yes
3264,S03264,No
3265,S03265,No
3266,S03266,No
3267,S03267,Yes
3268,S03268,No
3269,S03269,No
3270,S03270,No
3271,S03271,No
3272,S03272,No
3273,S03273,No
3274,S03274,Yes
3275,S03275,No
3276,S03276,No
3277,S03277,No
3278,S03278,No
3279,S03279,No
3280,S03280,No
3281,S03281,No
3282,S03282,No
3283,S03283,No
3284,S03284,Yes
3285,S03285,No
3286,S03286,No
3287,S03287,Yes
3288,S03288,Yes
3289,S03289,Yes
3290,S03290,No
3291,S03291,No
3292,S03292,No
3293,S03293,No
3294,S03294,No
3295,S03295,No
3296,S03296,No
3297,S03297,No
3298,S03298,Yes
3299,S03299,No
3300,S03300,No
3301,S03301,No
3302,S03302,No
3303,S03303,No
3304,S03304,No
3305,S03305,No
3306,S03306,No
3307,S03307,No
3308,S03308,No
3309,S03309,No
3310,S03310,No
3311,S03311,Yes
3312,S03312,No
3313,S03313,No
3314,S03314,No
3315,S03315,No
3316,S03316,No
3317,S03317,No
3318,S03318,No
3319,S03319,Yes
3320,S03320,No
3321,S03321,No
3322,S03322,Yes
3323,S03323,Yes
3324,S03324,No
3325,S03325,No
3326,S03326,Yes
3327,S03327,No
3328,S03328,No
3329,S03329,Yes
3330,S03330,No
3331,S03331,No
3332,S03332,Yes
3333,S03333,No
3334,S03334,No
3335,S03335,No
3336,S03336,No
3337,S03337,No
3338,S03338,Yes
3339,S03339,No
3340,S03340,No
3341,S03341,No
3342,S03342,No
3343,S03343,Yes
3344,S03344,No
3345,S03345,No
3346,S03346,No
3347,S03347,No
3348,S03348,No
3349,S03349,Yes
3350,S03350,No
3351,S03351,No
3352,S03352,No
3353,S03353,No
3354,S03354,Yes
3355,S03355,No
3356,S03356,No
3357,S03357,No
3358,S03358,No
3359,S03359,No
3360,S03360,Yes
3361,S03361,Yes
3362,S03362,No
3363,S03363,Yes
3364,S03364,No
3365,S03365,No
3366,S03366,No
3367,S03367,No
3368,S03368,No
3369,S03369,No
3370,S03370,Yes
3371,S03371,No
3372,S03372,No
3373,S03373,No
3374,S03374,Yes
3375,S03375,No
3376,S03376,No
3377,S03377,Yes
3378,S03378,No
3379,S03379,No
3380,S03380,No
3381,S03381,No
3382,S03382,No
3383,S03383,No
3384,S03384,No
3385,S03385,Yes
3386,S03386,No
3387,S03387,No
3388,S03388,No
3389,S03389,No
3390,S03390,No
3391,S03391,Yes
3392,S03392,No
3393,S03393,Yes
3394,S03394,Yes
3395,S03395,Yes
3396,S03396,No
3397,S03397,No
3398,S03398,No
3399,S03399,Yes
3400,S03400,No
3401,S03401,No
3402,S03402,No
3403,S03403,No
3404,S03404,No
3405,S03405,No
3406,S03406,No
3407,S03407,No
3408,S03408,No
3409,S03409,No
3410,S03410,No
3411,S03411,No
3412,S03412,Yes
3413,S03413,No
3414,S03414,No
3415,S03415,Yes
3416,S03416,No
3417,S03417,No
3418,S03418,No
3419,S03419,No
3420,S03420,No
3421,S03421,No
3422,S03422,No
3423,S03423,No
3424,S03424,No
3425,S03425,Yes
3426,S03426,No
3427,S03427,No
3428,S03428,No
3429,S03429,No
3430,S03430,No
3431,S03431,No
3432,S03432,No
3433,S03433,No
3434,S03434,No
3435,S03435,No
3436,S03436,No
3437,S03437,Yes
3438,S03438,No
3439,S03439,No
3440,S03440,No
3441,S03441,Yes
3442,S03442,No
3443,S03443,No
3444,S03444,No
3445,S03445,No
3446,S03446,No
3447,S03447,Yes
3448,S03448,No
3449,S03449,No
3450,S03450,No
3451,S03451,No
3452,S03452,Yes
3453,S03453,No
3454,S03454,No
3455,S03455,No
3456,S03456,No
3457,S03457,No
3458,S03458,No
3459,S03459,No
3460,S03460,No
3461,S03461,No
3462,S03462,No
3463,S03463,No
3464,S03464,No
3465,S03465,No
3466,S03466,Yes
3467,S03467,No
3468,S03468,No
3469,S03469,No
3470,S03470,No
3471,S03471,No
3472,S03472,No
3473,S03473,No
3474,S03474,No
3475,S03475,No
3476,S03476,No
3477,S03477,No
3478,S03478,Yes
3479,S03479,Yes
3480,S03480,No
3481,S03481,No
3482,S03482,Yes
3483,S03483,No
3484,S03484,No
3485,S03485,Yes
3486,S03486,Yes
3487,S03487,Yes
3488,S03488,No
3489,S03489,No
3490,S03490,No
3491,S03491,Yes
3492,S03492,No
3493,S03493,No
3494,S03494,Yes
3495,S03495,No
3496,S03496,Yes
3497,S03497,No
3498,S03498,Yes
3499,S03499,Yes
3500,S03500,No
3501,S03501,No
3502,S03502,Yes
3503,S03503,No
3504,S03504,No
3505,S03505,No
3506,S03506,No
3507,S03507,No
3508,S03508,No
3509,S03509,No
3510,S03510,No
3511,S03511,No
3512,S03512,Yes
3513,S03513,Yes
3514,S03514,No
3515,S03515,No
3516,S03516,Yes
3517,S03517,No
3518,S03518,No
3519,S03519,No
3520,S03520,No
3521,S03521,Yes
3522,S03522,Yes
3523,S03523,No
3524,S03524,No
3525,S03525,Yes
3526,S03526,No
3527,S03527,No
3528,S03528,No
3529,S03529,No
3530,S03530,No
3531,S03531,Yes
3532,S03532,No
3533,S03533,No
3534,S03534,No
3535,S03535,No
3536,S03536,No
3537,S03537,No
3538,S03538,No
3539,S03539,No
3540,S03540,No
3541,S03541,No
3542,S03542,Yes
3543,S03543,No
3544,S03544,No
3545,S03545,No
3546,S03546,Yes
3547,S03547,No
3548,S03548,Yes
3549,S03549,No
3550,S03550,Yes
3551,S03551,No
3552,S03552,No
3553,S03553,Yes
3554,S03554,No
3555,S03555,No
3556,S03556,No
3557,S03557,No
3558,S03558,No
3559,S03559,No
3560,S03560,No
3561,S03561,No
3562,S03562,No
3563,S03563,No
3564,S03564,Yes
3565,S03565,No
3566,S03566,No
3567,S03567,No
3568,S03568,No
3569,S03569,No
3570,S03570,No
3571,S03571,No
3572,S03572,No
3573,S03573,No
3574,S03574,No
3575,S03575,No
3576,S03576,Yes
3577,S03577,No
3578,S03578,Yes
3579,S03579,No
3580,S03580,No
3581,S03581,No
3582,S03582,No
3583,S03583,No
3584,S03584,No
3585,S03585,Yes
3586,S03586,Yes
3587,S03587,No
3588,S03588,No
3589,S03589,Yes
3590,S03590,No
3591,S03591,Yes
3592,S03592,No
3593,S03593,No
3594,S03594,Yes
3595,S03595,No
3596,S03596,No
3597,S03597,Yes
3598,S03598,No
3599,S03599,No
3600,S03600,No
3601,S03601,No
3602,S03602,No
3603,S03603,No
3604,S03604,No
3605,S03605,No
3606,S03606,No
3607,S03607,Yes
3608,S03608,Yes
3609,S03609,No
3610,S03610,No
3611,S03611,Yes
3612,S03612,No
3613,S03613,No
3614,S03614,No
3615,S03615,No
3616,S03616,No
3617,S03617,No
3618,S03618,No
3619,S03619,No
3620,S03620,No
3621,S03621,No
3622,S03622,No
3623,S03623,No
3624,S03624,No
3625,S03625,No
3626,S03626,No
3627,S03627,No
3628,S03628,No
3629,S03629,No
3630,S03630,Yes
3631,S03631,No
3632,S03632,Yes
3633,S03633,No
3634,S03634,No
3635,S03635,No
3636,S03636,Yes
3637,S03637,Yes
3638,S03638,Yes
3639,S03639,Yes
3640,S03640,No
3641,S03641,No
3642,S03642,Yes
3643,S03643,No
3644,S03644,No
3645,S03645,No
3646,S03646,No
3647,S03647,No
3648,S03648,No
3649,S03649,No
3650,S03650,No
3651,S03651,No
3652,S03652,No
3653,S03653,No
3654,S03654,No
3655,S03655,Yes
3656,S03656,No
3657,S03657,No
3658,S03658,Yes
3659,S03659,Yes
3660,S03660,No
3661,S03661,No
3662,S03662,Yes
3663,S03663,No
3664,S03664,No
3665,S03665,No
3666,S03666,No
3667,S03667,No
3668,S03668,No
3669,S03669,No
3670,S03670,No
3671,S03671,No
3672,S03672,No
3673,S03673,No
3674,S03674,No
3675,S03675,No
3676,S03676,No
3677,S03677,No
3678,S03678,No
3679,S03679,No
3680,S03680,No
3681,S03681,No
3682,S03682,No
3683,S03683,No
3684,S03684,No
3685,S03685,No
3686,S03686,No
3687,S03687,No
3688,S03688,Yes
3689,S03689,Yes
3690,S03690,No
3691,S03691,No
3692,S03692,No
3693,S03693,No
3694,S03694,No
3695,S03695,No
3696,S03696,No
3697,S03697,No
3698,S03698,Yes
3699,S03699,No
3700,S03700,No
3701,S03701,No
3702,S03702,Yes
3703,S03703,No
3704,S03704,Yes
3705,S03705,No
3706,S03706,No
3707,S03707,No
3708,S03708,No
3709,S03709,Yes
3710,S03710,No
3711,S03711,No
3712,S03712,Yes
3713,S03713,No
3714,S03714,No
3715,S03715,No
3716,S03716,Yes
3717,S03717,Yes
3718,S03718,No
3719,S03719,No
3720,S03720,No
3721,S03721,No
3722,S03722,No
3723,S03723,Yes
3724,S03724,Yes
3725,S03725,No
3726,S03726,No
3727,S03727,No
3728,S03728,No
3729,S03729,No
3730,S03730,No
3731,S03731,No
3732,S03732,No
3733,S03733,No
3734,S03734,Yes
3735,S03735,No
3736,S03736,Yes
3737,S03737,Yes
3738,S03738,Yes
3739,S03739,No
3740,S03740,No
3741,S03741,No
3742,S03742,Yes
3743,S03743,No
3744,S03744,No
3745,S03745,No
3746,S03746,No
3747,S03747,No
3748,S03748,No
3749,S03749,No
3750,S03750,Yes
3751,S03751,No
3752,S03752,Yes
3753,S03753,No
3754,S03754,Yes
3755,S03755,Yes
3756,S03756,No
3757,S03757,No
3758,S03758,Yes
3759,S03759,No
3760,S03760,No
3761,S03761,Yes
3762,S03762,Yes
3763,S03763,No
3764,S03764,No
3765,S03765,No
3766,S03766,Yes
3767,S03767,No
3768,S03768,No
3769,S03769,No
3770,S03770,No
3771,S03771,No
3772,S03772,No
3773,S03773,No
3774,S03774,Yes
3775,S03775,No
3776,S03776,No
3777,S03777,No
3778,S03778,Yes
3779,S03779,Yes
3780,S03780,No
3781,S03781,Yes
3782,S03782,No
3783,S03783,No
3784,S03784,No
3785,S03785,No
3786,S03786,No
3787,S03787,No
3788,S03788,No
3789,S03789,Yes
3790,S03790,No
3791,S03791,Yes
3792,S03792,No
3793,S03793,No
3794,S03794,No
3795,S03795,No
3796,S03796,No
3797,S03797,No
3798,S03798,Yes
3799,S03799,No
3800,S03800,No
3801,S03801,No
3802,S03802,No
3803,S03803,No
3804,S03804,No
3805,S03805,No
3806,S03806,Yes
3807,S03807,No
3808,S03808,No
3809,S03809,Yes
3810,S03810,No
3811,S03811,No
3812,S03812,No
3813,S03813,No
3814,S03814,No
3815,S03815,No
3816,S03816,No
3817,S03817,No
3818,S03818,No
3819,S03819,No
3820,S03820,No
3821,S03821,No
3822,S03822,No
3823,S03823,Yes
3824,S03824,No
3825,S03825,No
3826,S03826,No
3827,S03827,Yes
3828,S03828,No
3829,S03829,No
3830,S03830,No
3831,S03831,Yes
3832,S03832,No
3833,S03833,No
3834,S03834,No
3835,S03835,No
3836,S03836,No
3837,S03837,No
3838,S03838,Yes
3839,S03839,No
3840,S03840,No
3841,S03841,No
3842,S03842,No
3843,S03843,Yes
3844,S03844,No
3845,S03845,No
3846,S03846,No
3847,S03847,No
3848,S03848,No
3849,S03849,No
3850,S03850,No
3851,S03851,No
3852,S03852,No
3853,S03853,Yes
3854,S03854,No
3855,S03855,No
3856,S03856,Yes
3857,S03857,No
3858,S03858,No
3859,S03859,No
3860,S03860,No
3861,S03861,Yes
3862,S03862,Yes
3863,S03863,No
3864,S03864,No
3865,S03865,No
3866,S03866,Yes
3867,S03867,No
3868,S03868,No
3869,S03869,No
3870,S03870,Yes
3871,S03871,No
3872,S03872,No
3873,S03873,No
3874,S03874,Yes
3875,S03875,No
3876,S03876,No
3877,S03877,No
3878,S03878,Yes
3879,S03879,No
3880,S03880,No
3881,S03881,No
3882,S03882,No
3883,S03883,Yes
3884,S03884,No
3885,S03885,No
3886,S03886,Yes
3887,S03887,No
3888,S03888,No
3889,S03889,No
3890,S03890,No
3891,S03891,No
3892,S03892,No
3893,S03893,No
3894,S03894,No
3895,S03895,No
3896,S03896,Yes
3897,S03897,No
3898,S03898,No
3899,S03899,No
3900,S03900,No
3901,S03901,No
3902,S03902,No
3903,S03903,No
3904,S03904,No
3905,S03905,Yes
3906,S03906,No
3907,S03907,No
3908,S03908,No
3909,S03909,Yes
3910,S03910,No
3911,S03911,No
3912,S03912,No
3913,S03913,No
3914,S03914,No
3915,S03915,No
3916,S03916,No
3917,S03917,No
3918,S03918,No
3919,S03919,No
3920,S03920,No
3921,S03921,No
3922,S03922,No
3923,S03923,No
3924,S03924,No
3925,S03925,No
3926,S03926,Yes
3927,S03927,Yes
3928,S03928,No
3929,S03929,No
3930,S03930,No
3931,S03931,No
3932,S03932,No
3933,S03933,Yes
3934,S03934,No
3935,S03935,No
3936,S03936,No
3937,S03937,No
3938,S03938,No
3939,S03939,No
3940,S03940,No
3941,S03941,No
3942,S03942,Yes
3943,S03943,No
3944,S03944,Yes
3945,S03945,Yes
3946,S03946,No
3947,S03947,No
3948,S03948,No
3949,S03949,No
3950,S03950,No
3951,S03951,No
3952,S03952,No
3953,S03953,Yes
3954,S03954,Yes
3955,S03955,No
3956,S03956,No
3957,S03957,No
3958,S03958,No
3959,S03959,No
3960,S03960,No
3961,S03961,No
3962,S03962,Yes
3963,S03963,No
3964,S03964,No
3965,S03965,No
3966,S03966,No
3967,S03967,No
3968,S03968,Yes
3969,S03969,Yes
3970,S03970,Yes
3971,S03971,No
3972,S03972,No
3973,S03973,No
3974,S03974,No
3975,S03975,No
3976,S03976,No
3977,S03977,Yes
3978,S03978,No
3979,S03979,Yes
3980,S03980,No
3981,S03981,No
3982,S03982,No
3983,S03983,No
3984,S03984,Yes
3985,S03985,No
3986,S03986,No
3987,S03987,No
3988,S03988,No
3989,S03989,No
3990,S03990,Yes
3991,S03991,No
3992,S03992,No
3993,S03993,No
3994,S03994,No
3995,S03995,No
3996,S03996,No
3997,S03997,Yes
3998,S03998,Yes
3999,S03999,No
4000,S04000,No
4001,S04001,No
4002,S04002,No
4003,S04003,No
4004,S04004,No
4005,S04005,No
4006,S04006,No
4007,S04007,No
4008,S04008,No
4009,S04009,No
4010,S04010,No
4011,S04011,No
4012,S04012,No
4013,S04013,No
4014,S04014,No
4015,S04015,No
4016,S04016,No
4017,S04017,No
4018,S04018,No
4019,S04019,No
4020,S04020,No
4021,S04021,No
4022,S04022,No
4023,S04023,No
4024,S04024,No
4025,S04025,No
4026,S04026,Yes
4027,S04027,No
4028,S04028,No
4029,S04029,No
4030,S04030,No
4031,S04031,No
4032,S04032,No
4033,S04033,No
4034,S04034,Yes
4035,S04035,Yes
4036,S04036,No
4037,S04037,No
4038,S04038,No
4039,S04039,Yes
4040,S04040,No
4041,S04041,No
4042,S04042,No
4043,S04043,No
4044,S04044,No
4045,S04045,No
4046,S04046,No
4047,S04047,No
4048,S04048,No
4049,S04049,No
4050,S04050,No
4051,S04051,No
4052,S04052,No
4053,S04053,No
4054,S04054,No
4055,S04055,Yes
4056,S04056,No
4057,S04057,No
4058,S04058,No
4059,S04059,No
4060,S04060,No
4061,S04061,Yes
4062,S04062,No
4063,S04063,Yes
4064,S04064,No
4065,S04065,No
4066,S04066,Yes
4067,S04067,No
4068,S04068,No
4069,S04069,No
4070,S04070,Yes
4071,S04071,No
4072,S04072,No
4073,S04073,No
4074,S04074,No
4075,S04075,No
4076,S04076,No
4077,S04077,No
4078,S04078,Yes
4079,S04079,No
4080,S04080,No
4081,S04081,No
4082,S04082,No
4083,S04083,No
4084,S04084,No
4085,S04085,No
4086,S04086,No
4087,S04087,No
4088,S04088,No
4089,S04089,No
4090,S04090,No
4091,S04091,No
4092,S04092,No
4093,S04093,No
4094,S04094,No
4095,S04095,No
4096,S04096,No
4097,S04097,Yes
4098,S04098,Yes
4099,S04099,No
4100,S04100,No
4101,S04101,No
4102,S04102,No
4103,S04103,No
4104,S04104,No
4105,S04105,No
4106,S04106,No
4107,S04107,No
4108,S04108,No
4109,S04109,No
4110,S04110,No
4111,S04111,No
4112,S04112,Yes
4113,S04113,No
4114,S04114,No
4115,S04115,No
4116,S04116,No
4117,S04117,No
4118,S04118,No
4119,S04119,No
4120,S04120,Yes
4121,S04121,No
4122,S04122,No
4123,S04123,No
4124,S04124,No
4125,S04125,Yes
4126,S04126,No
4127,S04127,No
4128,S04128,No
4129,S04129,No
4130,S04130,No
4131,S04131,No
4132,S04132,No
4133,S04133,No
4134,S04134,No
4135,S04135,Yes
4136,S04136,No
4137,S04137,No
4138,S04138,No
4139,S04139,No
4140,S04140,Yes
4141,S04141,Yes
4142,S04142,No
4143,S04143,Yes
4144,S04144,No
4145,S04145,No
4146,S04146,Yes
4147,S04147,No
4148,S04148,No
4149,S04149,No
4150,S04150,Yes
4151,S04151,No
4152,S04152,No
4153,S04153,No
4154,S04154,Yes
4155,S04155,Yes
4156,S04156,No
4157,S04157,No
4158,S04158,Yes
4159,S04159,No
4160,S04160,No
4161,S04161,No
4162,S04162,Yes
4163,S04163,No
4164,S04164,No
4165,S04165,No
4166,S04166,No
4167,S04167,No
4168,S04168,No
4169,S04169,Yes
4170,S04170,No
4171,S04171,No
4172,S04172,No
4173,S04173,No
4174,S04174,No
4175,S04175,No
4176,S04176,No
4177,S04177,No
4178,S04178,No
4179,S04179,Yes
4180,S04180,No
4181,S04181,No
4182,S04182,No
4183,S04183,Yes
4184,S04184,No
4185,S04185,No
4186,S04186,Yes
4187,S04187,No
4188,S04188,Yes
4189,S04189,No
4190,S04190,No
4191,S04191,No
4192,S04192,No
4193,S04193,No
4194,S04194,No
4195,S04195,No
4196,S04196,No
4197,S04197,Yes
4198,S04198,No
4199,S04199,No
4200,S04200,No
4201,S04201,No
4202,S04202,Yes
4203,S04203,Yes
4204,S04204,No
4205,S04205,No
4206,S04206,No
4207,S04207,No
4208,S04208,No
4209,S04209,No
4210,S04210,No
4211,S04211,No
4212,S04212,No
4213,S04213,No
4214,S04214,No
4215,S04215,No
4216,S04216,No
4217,S04217,No
4218,S04218,Yes
4219,S04219,No
4220,S04220,No
4221,S04221,No
4222,S04222,Yes
4223,S04223,No
4224,S04224,No
4225,S04225,Yes
4226,S04226,No
4227,S04227,No
4228,S04228,No
4229,S04229,No
4230,S04230,Yes
4231,S04231,Yes
4232,S04232,No
4233,S04233,No
4234,S04234,No
4235,S04235,No
4236,S04236,No
4237,S04237,No
4238,S04238,No
4239,S04239,No
4240,S04240,No
4241,S04241,No
4242,S04242,Yes
4243,S04243,Yes
4244,S04244,No
4245,S04245,Yes
4246,S04246,No
4247,S04247,No
4248,S04248,No
4249,S04249,No
4250,S04250,Yes
4251,S04251,No
4252,S04252,No
4253,S04253,No
4254,S04254,No
4255,S04255,Yes
4256,S04256,No
4257,S04257,No
4258,S04258,No
4259,S04259,No
4260,S04260,No
4261,S04261,No
4262,S04262,No
4263,S04263,No
4264,S04264,No
4265,S04265,No
4266,S04266,No
4267,S04267,No
4268,S04268,Yes
4269,S04269,No
4270,S04270,No
4271,S04271,Yes
4272,S04272,No
4273,S04273,No
4274,S04274,No
4275,S04275,No
4276,S04276,No
4277,S04277,No
4278,S04278,No
4279,S04279,No
4280,S04280,No
4281,S04281,Yes
4282,S04282,No
4283,S04283,Yes
4284,S04284,No
4285,S04285,No
4286,S04286,No
4287,S04287,Yes
4288,S04288,No
4289,S04289,No
4290,S04290,No
4291,S04291,No
4292,S04292,Yes
4293,S04293,No
4294,S04294,No
4295,S04295,No
4296,S04296,No
4297,S04297,No
4298,S04298,No
4299,S04299,No
4300,S04300,No
4301,S04301,No
4302,S04302,No
4303,S04303,No
4304,S04304,No
4305,S04305,No
4306,S04306,Yes
4307,S04307,No
4308,S04308,No
4309,S04309,Yes
4310,S04310,No
4311,S04311,No
4312,S04312,No
4313,S04313,No
4314,S04314,No
4315,S04315,No
4316,S04316,No
4317,S04317,No
4318,S04318,Yes
4319,S04319,No
4320,S04320,No
4321,S04321,No
4322,S04322,No
4323,S04323,No
4324,S04324,Yes
4325,S04325,No
4326,S04326,No
4327,S04327,Yes
4328,S04328,No
4329,S04329,No
4330,S04330,Yes
4331,S04331,No
4332,S04332,Yes
4333,S04333,No
4334,S04334,No
4335,S04335,No
4336,S04336,No
4337,S04337,No
4338,S04338,No
4339,S04339,No
4340,S04340,No
4341,S04341,No
4342,S04342,No
4343,S04343,Yes
4344,S04344,No
4345,S04345,No
4346,S04346,No
4347,S04347,No
4348,S04348,No
4349,S04349,Yes
4350,S04350,No
4351,S04351,Yes
4352,S04352,No
4353,S04353,Yes
4354,S04354,No
4355,S04355,Yes
4356,S04356,No
4357,S04357,No
4358,S04358,No
4359,S04359,No
4360,S04360,Yes
4361,S04361,Yes
4362,S04362,No
4363,S04363,No
4364,S04364,No
4365,S04365,Yes
4366,S04366,No
4367,S04367,No
4368,S04368,Yes
4369,S04369,No
4370,S04370,No
4371,S04371,No
4372,S04372,No
4373,S04373,No
4374,S04374,Yes
4375,S04375,No
4376,S04376,No
4377,S04377,No
4378,S04378,No
4379,S04379,No
4380,S04380,Yes
4381,S04381,Yes
4382,S04382,No
4383,S04383,No
4384,S04384,No
4385,S04385,Yes
4386,S04386,No
4387,S04387,No
4388,S04388,No
4389,S04389,No
4390,S04390,No
4391,S04391,No
4392,S04392,No
4393,S04393,Yes
4394,S04394,No
4395,S04395,Yes
4396,S04396,No
4397,S04397,No
4398,S04398,No
4399,S04399,No
4400,S04400,Yes
4401,S04401,No
4402,S04402,No
4403,S04403,No
4404,S04404,No
4405,S04405,No
4406,S04406,No
4407,S04407,No
4408,S04408,Yes
4409,S04409,No
4410,S04410,Yes
4411,S04411,No
4412,S04412,No
4413,S04413,No
4414,S04414,No
4415,S04415,No
4416,S04416,No
4417,S04417,No
4418,S04418,Yes
4419,S04419,No
4420,S04420,Yes
4421,S04421,No
4422,S04422,No
4423,S04423,No
4424,S04424,No
4425,S04425,No
4426,S04426,No
4427,S04427,No
4428,S04428,No
4429,S04429,No
4430,S04430,No
4431,S04431,No
4432,S04432,No
4433,S04433,No
4434,S04434,No
4435,S04435,No
4436,S04436,No
4437,S04437,No
4438,S04438,No
4439,S04439,No
4440,S04440,No
4441,S04441,Yes
4442,S04442,No
4443,S04443,Yes
4444,S04444,No
4445,S04445,No
4446,S04446,No
4447,S04447,No
4448,S04448,No
4449,S04449,No
4450,S04450,No
4451,S04451,No
4452,S04452,No
4453,S04453,No
4454,S04454,Yes
4455,S04455,Yes
4456,S04456,No
4457,S04457,No
4458,S04458,No
4459,S04459,No
4460,S04460,Yes
4461,S04461,No
4462,S04462,No
4463,S04463,No
4464,S04464,Yes
4465,S04465,No
4466,S04466,No
4467,S04467,No
4468,S04468,No
4469,S04469,Yes
4470,S04470,No
4471,S04471,No
4472,S04472,No
4473,S04473,No
4474,S04474,No
4475,S04475,No
4476,S04476,No
4477,S04477,No
4478,S04478,No
4479,S04479,Yes
4480,S04480,No
4481,S04481,No
4482,S04482,No
4483,S04483,No
4484,S04484,No
4485,S04485,No
4486,S04486,No
4487,S04487,No
4488,S04488,No
4489,S04489,No
4490,S04490,No
4491,S04491,Yes
4492,S04492,No
4493,S04493,No
4494,S04494,Yes
4495,S04495,No
4496,S04496,No
4497,S04497,No
4498,S04498,No
4499,S04499,No
4500,S04500,No
4501,S04501,No
4502,S04502,No
4503,S04503,No
4504,S04504,Yes
4505,S04505,Yes
4506,S04506,Yes
4507,S04507,No
4508,S04508,No
4509,S04509,No
4510,S04510,No
4511,S04511,No
4512,S04512,No
4513,S04513,No
4514,S04514,No
4515,S04515,No
4516,S04516,No
4517,S04517,Yes
4518,S04518,No
4519,S04519,No
4520,S04520,No
4521,S04521,No
4522,S04522,No
4523,S04523,No
4524,S04524,Yes
4525,S04525,No
4526,S04526,No
4527,S04527,No
4528,S04528,No
4529,S04529,No
4530,S04530,No
4531,S04531,No
4532,S04532,Yes
4533,S04533,No
4534,S04534,No
4535,S04535,No
4536,S04536,No
4537,S04537,No
4538,S04538,Yes
4539,S04539,No
4540,S04540,Yes
4541,S04541,No
4542,S04542,No
4543,S04543,No
4544,S04544,No
4545,S04545,No
4546,S04546,No
4547,S04547,No
4548,S04548,No
4549,S04549,No
4550,S04550,No
4551,S04551,Yes
4552,S04552,No
4553,S04553,No
4554,S04554,No
4555,S04555,No
4556,S04556,Yes
4557,S04557,No
4558,S04558,No
4559,S04559,Yes
4560,S04560,No
4561,S04561,Yes
4562,S04562,No
4563,S04563,No
4564,S04564,Yes
4565,S04565,No
4566,S04566,No
4567,S04567,Yes
4568,S04568,No
4569,S04569,No
4570,S04570,Yes
4571,S04571,No
4572,S04572,No
4573,S04573,No
4574,S04574,No
4575,S04575,No
4576,S04576,No
4577,S04577,No
4578,S04578,No
4579,S04579,No
4580,S04580,Yes
4581,S04581,No
4582,S04582,No
4583,S04583,No
4584,S04584,No
4585,S04585,No
4586,S04586,No
4587,S04587,No
4588,S04588,Yes
4589,S04589,No
4590,S04590,No
4591,S04591,No
4592,S04592,No
4593,S04593,No
4594,S04594,No
4595,S04595,No
4596,S04596,Yes
4597,S04597,No
4598,S04598,No
4599,S04599,No
4600,S04600,No
4601,S04601,No
4602,S04602,No
4603,S04603,No
4604,S04604,No
4605,S04605,Yes
4606,S04606,No
4607,S04607,No
4608,S04608,No
4609,S04609,No
4610,S04610,No
4611,S04611,No
4612,S04612,No
4613,S04613,No
4614,S04614,Yes
4615,S04615,No
4616,S04616,No
4617,S04617,No
4618,S04618,Yes
4619,S04619,No
4620,S04620,Yes
4621,S04621,No
4622,S04622,Yes
4623,S04623,No
4624,S04624,No
4625,S04625,No
4626,S04626,No
4627,S04627,Yes
4628,S04628,Yes
4629,S04629,No
4630,S04630,No
4631,S04631,No
4632,S04632,No
4633,S04633,No
4634,S04634,No
4635,S04635,Yes
4636,S04636,No
4637,S04637,No
4638,S04638,No
4639,S04639,Yes
4640,S04640,No
4641,S04641,No
4642,S04642,No
4643,S04643,No
4644,S04644,Yes
4645,S04645,No
4646,S04646,No
4647,S04647,No
4648,S04648,No
4649,S04649,Yes
4650,S04650,No
4651,S04651,No
4652,S04652,No
4653,S04653,Yes
4654,S04654,No
4655,S04655,No
4656,S04656,No
4657,S04657,No
4658,S04658,No
4659,S04659,No
4660,S04660,No
4661,S04661,No
4662,S04662,No
4663,S04663,Yes
4664,S04664,No
4665,S04665,Yes
4666,S04666,No
4667,S04667,No
4668,S04668,No
4669,S04669,No
4670,S04670,Yes
4671,S04671,No
4672,S04672,No
4673,S04673,No
4674,S04674,No
4675,S04675,No
4676,S04676,No
4677,S04677,Yes
4678,S04678,No
4679,S04679,No
4680,S04680,Yes
4681,S04681,Yes
4682,S04682,No
4683,S04683,Yes
4684,S04684,No
4685,S04685,No
4686,S04686,No
4687,S04687,Yes
4688,S04688,No
4689,S04689,No
4690,S04690,Yes
4691,S04691,No
4692,S04692,No
4693,S04693,Yes
4694,S04694,No
4695,S04695,No
4696,S04696,No
4697,S04697,No
4698,S04698,No
4699,S04699,No
4700,S04700,No
4701,S04701,No
4702,S04702,Yes
4703,S04703,No
4704,S04704,No
4705,S04705,No
4706,S04706,No
4707,S04707,Yes
4708,S04708,No
4709,S04709,Yes
4710,S04710,No
4711,S04711,Yes
4712,S04712,No
4713,S04713,Yes
4714,S04714,No
4715,S04715,No
4716,S04716,Yes
4717,S04717,No
4718,S04718,No
4719,S04719,No
4720,S04720,Yes
4721,S04721,Yes
4722,S04722,Yes
4723,S04723,No
4724,S04724,Yes
4725,S04725,No
4726,S04726,No
4727,S04727,No
4728,S04728,No
4729,S04729,No
4730,S04730,Yes
4731,S04731,No
4732,S04732,No
4733,S04733,No
4734,S04734,No
4735,S04735,No
4736,S04736,No
4737,S04737,No
4738,S04738,Yes
4739,S04739,Yes
4740,S04740,No
4741,S04741,No
4742,S04742,No
4743,S04743,No
4744,S04744,No
4745,S04745,No
4746,S04746,Yes
4747,S04747,No
4748,S04748,No
4749,S04749,No
4750,S04750,No
4751,S04751,Yes
4752,S04752,Yes
4753,S04753,No
4754,S04754,No
4755,S04755,No
4756,S04756,No
4757,S04757,No
4758,S04758,Yes
4759,S04759,No
4760,S04760,No
4761,S04761,No
4762,S04762,No
4763,S04763,No
4764,S04764,No
4765,S04765,No
4766,S04766,No
4767,S04767,No
4768,S04768,No
4769,S04769,No
4770,S04770,Yes
4771,S04771,No
4772,S04772,No
4773,S04773,No
4774,S04774,No
4775,S04775,Yes
4776,S04776,No
4777,S04777,No
4778,S04778,No
4779,S04779,No
4780,S04780,No
4781,S04781,No
4782,S04782,No
4783,S04783,Yes
4784,S04784,No
4785,S04785,No
4786,S04786,No
4787,S04787,No
4788,S04788,No
4789,S04789,No
4790,S04790,No
4791,S04791,No
4792,S04792,No
4793,S04793,No
4794,S04794,Yes
4795,S04795,No
4796,S04796,No
4797,S04797,No
4798,S04798,No
4799,S04799,No
4800,S04800,No
4801,S04801,No
4802,S04802,No
4803,S04803,Yes
4804,S04804,No
4805,S04805,Yes
4806,S04806,No
4807,S04807,Yes
4808,S04808,No
4809,S04809,No
4810,S04810,No
4811,S04811,No
4812,S04812,No
4813,S04813,No
4814,S04814,No
4815,S04815,No
4816,S04816,Yes
4817,S04817,No
4818,S04818,No
4819,S04819,Yes
4820,S04820,No
4821,S04821,No
4822,S04822,No
4823,S04823,No
4824,S04824,No
4825,S04825,No
4826,S04826,No
4827,S04827,No
4828,S04828,Yes
4829,S04829,Yes
4830,S04830,No
4831,S04831,No
4832,S04832,Yes
4833,S04833,No
4834,S04834,No
4835,S04835,Yes
4836,S04836,Yes
4837,S04837,No
4838,S04838,No
4839,S04839,No
4840,S04840,No
4841,S04841,No
4842,S04842,Yes
4843,S04843,No
4844,S04844,No
4845,S04845,Yes
4846,S04846,No
4847,S04847,No
4848,S04848,No
4849,S04849,Yes
4850,S04850,No
4851,S04851,No
4852,S04852,No
4853,S04853,No
4854,S04854,No
4855,S04855,No
4856,S04856,No
4857,S04857,No
4858,S04858,No
4859,S04859,No
4860,S04860,No
4861,S04861,No
4862,S04862,No
4863,S04863,No
4864,S04864,No
4865,S04865,Yes
4866,S04866,No
4867,S04867,No
4868,S04868,No
4869,S04869,No
4870,S04870,No
4871,S04871,Yes
4872,S04872,Yes
4873,S04873,No
4874,S04874,No
4875,S04875,No
4876,S04876,No
4877,S04877,No
4878,S04878,No
4879,S04879,No
4880,S04880,No
4881,S04881,No
4882,S04882,No
4883,S04883,No
4884,S04884,No
4885,S04885,No
4886,S04886,No
4887,S04887,No
4888,S04888,Yes
4889,S04889,No
4890,S04890,No
4891,S04891,Yes
4892,S04892,No
4893,S04893,No
4894,S04894,No
4895,S04895,No
4896,S04896,No
4897,S04897,No
4898,S04898,Yes
4899,S04899,No
4900,S04900,No
4901,S04901,No
4902,S04902,No
4903,S04903,No
4904,S04904,No
4905,S04905,Yes
4906,S04906,No
4907,S04907,No
4908,S04908,No
4909,S04909,No
4910,S04910,No
4911,S04911,No
4912,S04912,No
4913,S04913,No
4914,S04914,No
4915,S04915,No
4916,S04916,No
4917,S04917,No
4918,S04918,Yes
4919,S04919,Yes
4920,S04920,Yes
4921,S04921,No
4922,S04922,No
4923,S04923,Yes
4924,S04924,No
4925,S04925,No
4926,S04926,No
4927,S04927,No
4928,S04928,No
4929,S04929,No
4930,S04930,No
4931,S04931,No
4932,S04932,Yes
4933,S04933,No
4934,S04934,No
4935,S04935,Yes
4936,S04936,No
4937,S04937,No
4938,S04938,No
4939,S04939,No
4940,S04940,No
4941,S04941,No
4942,S04942,No
4943,S04943,No
4944,S04944,No
4945,S04945,No
4946,S04946,No
4947,S04947,No
4948,S04948,No
4949,S04949,No
4950,S04950,No
4951,S04951,Yes
4952,S04952,No
4953,S04953,No
4954,S04954,Yes
4955,S04955,Yes
4956,S04956,No
4957,S04957,No
4958,S04958,No
4959,S04959,No
4960,S04960,No
4961,S04961,Yes
4962,S04962,No
4963,S04963,No
4964,S04964,Yes
4965,S04965,No
4966,S04966,No
4967,S04967,No
4968,S04968,No
4969,S04969,Yes
4970,S04970,No
4971,S04971,Yes
4972,S04972,No
4973,S04973,Yes
4974,S04974,Yes
4975,S04975,Yes
4976,S04976,Yes
4977,S04977,No
4978,S04978,No
4979,S04979,No
4980,S04980,No
4981,S04981,No
4982,S04982,No
4983,S04983,No
4984,S04984,No
4985,S04985,No
4986,S04986,No
4987,S04987,No
4988,S04988,Yes
4989,S04989,No
4990,S04990,No
4991,S04991,No
4992,S04992,No
4993,S04993,No
4994,S04994,No
4995,S04995,No
4996,S04996,No
4997,S04997,No
4998,S04998,No
4999,S04999,No
5000,S05000,No