S00001,1
S00002,2
S00003,3
S00004,4
S00005,5
S00006,6
S00007,7
S00008,8
S00009,9
S00010,10
S00011,11
S00012,12
S00013,13
S00014,14
S00015,15
S00016,16
S00017,17
S00018,18
S00019,19
S00020,20
S00021,21
S00022,22
S00023,23
S00024,24
S00025,25
S00026,26
S00027,27
S00028,28
S00029,29
S00030,30
S00031,31
S00032,32
S00033,33
S00034,34
S00035,35
S00036,36
S00037,37
S00038,38
S00039,39
S00040,40
S00041,41
S00042,42
S00043,43
S00044,44
S00045,45
S00046,46
S00047,47
S00048,48
S00049,49
S00050,50
S00051,51
S00052,52
S00053,53
S00054,54
S00055,55
S00056,56
S00057,57
S00058,58
S00059,59
S00060,60
S00061,61
S00062,62
S00063,63
S00064,64
S00065,65
S00066,66
S00067,67
S00068,68
S00069,69
S00070,70
S00071,71
S00072,72
S00073,73
S00074,74
S00075,75
S00076,76
S00077,77
S00078,78
S00079,79
S00080,80
S00081,81
S00082,82
S00083,83
S00084,84
S00085,85
S00086,86
S00087,87
S00088,88
S00089,89
S00090,90
S00091,91
S00092,92
S00093,93
S00094,94
S00095,95
S00096,96
S00097,97
S00098,98
S00099,99
S00100,100
S00101,101
S00102,102
S00103,103
S00104,104
S00105,105
S00106,106
S00107,107
S00108,108
S00109,109
S00110,110
S00111,111
S00112,112
S00113,113
S00114,114
S00115,115
S00116,116
S00117,117
S00118,118
S00119,119
S00120,120
S00121,121
S00122,122
S00123,123
S00124,124
S00125,125
S00126,126
S00127,127
S00128,128
S00129,129
S00130,130
S00131,131
S00132,132
S00133,133
S00134,134
S00135,135
S00136,136
S00137,137
S00138,138
S00139,139
S00140,140
S00141,141
S00142,142
S00143,143
S00144,144
S00145,145
S00146,146
S00147,147
S00148,148
S00149,149
S00150,150
S00151,151
S00152,152
S00153,153
S00154,154
S00155,155
S00156,156
S00157,157
S00158,158
S00159,159
S00160,160
S00161,161
S00162,162
S00163,163
S00164,164
S00165,165
S00166,166
S00167,167
S00168,168
S00169,169
S00170,170
S00171,171
S00172,172
S00173,173
S00174,174
S00175,175
S00176,176
S00177,177
S00178,178
S00179,179
S00180,180
S00181,181
S00182,182
S00183,183
S00184,184
S00185,185
S00186,186
S00187,187
S00188,188
S00189,189
S00190,190
S00191,191
S00192,192
S00193,193
S00194,194
S00195,195
S00196,196
S00197,197
S00198,198
S00199,199
S00200,200
S00201,201
S00202,202
S00203,203
S00204,204
S00205,205
S00206,206
S00207,207
S00208,208
S00209,209
S00210,210
S00211,211
S00212,212
S00213,213
S00214,214
S00215,215
S00216,216
S00217,217
S00218,218
S00219,219
S00220,220
S00221,221
S00222,222
S00223,223
S00224,224
S00225,225
S00226,226
S00227,227
S00228,228
S00229,229
S00230,230
S00231,231
S00232,232
S00233,233
S00234,234
S00235,235
S00236,236
S00237,237
S00238,238
S00239,239
S00240,240
S00241,241
S00242,242
S00243,243
S00244,244
S00245,245
S00246,246
S00247,247
S00248,248
S00249,249
S00250,250
S00251,251
S00252,252
S00253,253
S00254,254
S00255,255
S00256,256
S00257,257
S00258,258
S00259,259
S00260,260
S00261,261
S00262,262
S00263,263
S00264,264
S00265,265
S00266,266
S00267,267
S00268,268
S00269,269
S00270,270
S00271,271
S00272,272
S00273,273
S00274,274
S00275,275
S00276,276
S00277,277
S00278,278
S00279,279
S00280,280
S00281,281
S00282,282
S00283,283
S00284,284
S00285,285
S00286,286
S00287,287
S00288,288
S00289,289
S00290,290
S00291,291
S00292,292
S00293,293
S00294,294
S00295,295
S00296,296
S00297,297
S00298,298
S00299,299
S00300,300
S00301,301
S00302,302
S00303,303
S00304,304
S00305,305
S00306,306
S00307,307
S00308,308
S00309,309
S00310,310
S00311,311
S00312,312
S00313,313
S00314,314
S00315,315
S00316,316
S00317,317
S00318,318
S00319,319
S00320,320
S00321,321
S00322,322
S00323,323
S00324,324
S00325,325
S00326,326
S00327,327
S00328,328
S00329,329
S00330,330
S00331,331
S00332,332
S00333,333
S00334,334
S00335,335
S00336,336
S00337,337
S00338,338
S00339,339
S00340,340
S00341,341
S00342,342
S00343,343
S00344,344
S00345,345
S00346,346
S00347,347
S00348,348
S00349,349
S00350,350
S00351,351
S00352,352
S00353,353
S00354,354
S00355,355
S00356,356
S00357,357
S00358,358
S00359,359
S00360,360
S00361,361
S00362,362
S00363,363
S00364,364
S00365,365
S00366,366
S00367,367
S00368,368
S00369,369
S00370,370
S00371,371
S00372,372
S00373,373
S00374,374
S00375,375
S00376,376
S00377,377
S00378,378
S00379,379
S00380,380
S00381,381
S00382,382
S00383,383
S00384,384
S00385,385
S00386,386
S00387,387
S00388,388
S00389,389
S00390,390
S00391,391
S00392,392
S00393,393
S00394,394
S00395,395
S00396,396
S00397,397
S00398,398
S00399,399
S00400,400
S00401,401
S00402,402
S00403,403
S00404,404
S00405,405
S00406,406
S00407,407
S00408,408
S00409,409
S00410,410
S00411,411
S00412,412
S00413,413
S00414,414
S00415,415
S00416,416
S00417,417
S00418,418
S00419,419
S00420,420
S00421,421
S00422,422
S00423,423
S00424,424
S00425,425
S00426,426
S00427,427
S00428,428
S00429,429
S00430,430
S00431,431
S00432,432
S00433,433
S00434,434
S00435,435
S00436,436
S00437,437
S00438,438
S00439,439
S00440,440
S00441,441
S00442,442
S00443,443
S00444,444
S00445,445
S00446,446
S00447,447
S00448,448
S00449,449
S00450,450
S00451,451
S00452,452
S00453,453
S00454,454
S00455,455
S00456,456
S00457,457
S00458,458
S00459,459
S00460,460
S00461,461
S00462,462
S00463,463
S00464,464
S00465,465
S00466,466
S00467,467
S00468,468
S00469,469
S00470,470
S00471,471
S00472,472
S00473,473
S00474,474
S00475,475
S00476,476
S00477,477
S00478,478
S00479,479
S00480,480
S00481,481
S00482,482
S00483,483
S00484,484
S00485,485
S00486,486
S00487,487
S00488,488
S00489,489
S00490,490
S00491,491
S00492,492
S00493,493
S00494,494
S00495,495
S00496,496
S00497,497
S00498,498
S00499,499
S00500,500
S00501,501
S00502,502
S00503,503
S00504,504
S00505,505
S00506,506
S00507,507
S00508,508
S00509,509
S00510,510
S00511,511
S00512,512
S00513,513
S00514,514
S00515,515
S00516,516
S00517,517
S00518,518
S00519,519
S00520,520
S00521,521
S00522,522
S00523,523
S00524,524
S00525,525
S00526,526
S00527,527
S00528,528
S00529,529
S00530,530
S00531,531
S00532,532
S00533,533
S00534,534
S00535,535
S00536,536
S00537,537
S00538,538
S00539,539
S00540,540
S00541,541
S00542,542
S00543,543
S00544,544
S00545,545
S00546,546
S00547,547
S00548,548
S00549,549
S00550,550
S00551,551
S00552,552
S00553,553
S00554,554
S00555,555
S00556,556
S00557,557
S00558,558
S00559,559
S00560,560
S00561,561
S00562,562
S00563,563
S00564,564
S00565,565
S00566,566
S00567,567
S00568,568
S00569,569
S00570,570
S00571,571
S00572,572
S00573,573
S00574,574
S00575,575
S00576,576
S00577,577
S00578,578
S00579,579
S00580,580
S00581,581
S00582,582
S00583,583
S00584,584
S00585,585
S00586,586
S00587,587
S00588,588
S00589,589
S00590,590
S00591,591
S00592,592
S00593,593
S00594,594
S00595,595
S00596,596
S00597,597
S00598,598
S00599,599
S00600,600
S00601,601
S00602,602
S00603,603
S00604,604
S00605,605
S00606,606
S00607,607
S00608,608
S00609,609
S00610,610
S00611,611
S00612,612
S00613,613
S00614,614
S00615,615
S00616,616
S00617,617
S00618,618
S00619,619
S00620,620
S00621,621
S00622,622
S00623,623
S00624,624
S00625,625
S00626,626
S00627,627
S00628,628
S00629,629
S00630,630
S00631,631
S00632,632
S00633,633
S00634,634
S00635,635
S00636,636
S00637,637
S00638,638
S00639,639
S00640,640
S00641,641
S00642,642
S00643,643
S00644,644
S00645,645
S00646,646
S00647,647
S00648,648
S00649,649
S00650,650
S00651,651
S00652,652
S00653,653
S00654,654
S00655,655
S00656,656
S00657,657
S00658,658
S00659,659
S00660,660
S00661,661
S00662,662
S00663,663
S00664,664
S00665,665
S00666,666
S00667,667
S00668,668
S00669,669
S00670,670
S00671,671
S00672,672
S00673,673
S00674,674
S00675,675
S00676,676
S00677,677
S00678,678
S00679,679
S00680,680
S00681,681
S00682,682
S00683,683
S00684,684
S00685,685
S00686,686
S00687,687
S00688,688
S00689,689
S00690,690
S00691,691
S00692,692
S00693,693
S00694,694
S00695,695
S00696,696
S00697,697
S00698,698
S00699,699
S00700,700
S00701,701
S00702,702
S00703,703
S00704,704
S00705,705
S00706,706
S00707,707
S00708,708
S00709,709
S00710,710
S00711,711
S00712,712
S00713,713
S00714,714
S00715,715
S00716,716
S00717,717
S00718,718
S00719,719
S00720,720
S00721,721
S00722,722
S00723,723
S00724,724
S00725,725
S00726,726
S00727,727
S00728,728
S00729,729
S00730,730
S00731,731
S00732,732
S00733,733
S00734,734
S00735,735
S00736,736
S00737,737
S00738,738
S00739,739
S00740,740
S00741,741
S00742,742
S00743,743
S00744,744
S00745,745
S00746,746
S00747,747
S00748,748
S00749,749
S00750,750
S00751,751
S00752,752
S00753,753
S00754,754
S00755,755
S00756,756
S00757,757
S00758,758
S00759,759
S00760,760
S00761,761
S00762,762
S00763,763
S00764,764
S00765,765
S00766,766
S00767,767
S00768,768
S00769,769
S00770,770
S00771,771
S00772,772
S00773,773
S00774,774
S00775,775
S00776,776
S00777,777
S00778,778
S00779,779
S00780,780
S00781,781
S00782,782
S00783,783
S00784,784
S00785,785
S00786,786
S00787,787
S00788,788
S00789,789
S00790,790
S00791,791
S00792,792
S00793,793
S00794,794
S00795,795
S00796,796
S00797,797
S00798,798
S00799,799
S00800,800
S00801,801
S00802,802
S00803,803
S00804,804
S00805,805
S00806,806
S00807,807
S00808,808
S00809,809
S00810,810
S00811,811
S00812,812
S00813,813
S00814,814
S00815,815
S00816,816
S00817,817
S00818,818
S00819,819
S00820,820
S00821,821
S00822,822
S00823,823
S00824,824
S00825,825
S00826,826
S00827,827
S00828,828
S00829,829
S00830,830
S00831,831
S00832,832
S00833,833
S00834,834
S00835,835
S00836,836
S00837,837
S00838,838
S00839,839
S00840,840
S00841,841
S00842,842
S00843,843
S00844,844
S00845,845
S00846,846
S00847,847
S00848,848
S00849,849
S00850,850
S00851,851
S00852,852
S00853,853
S00854,854
S00855,855
S00856,856
S00857,857
S00858,858
S00859,859
S00860,860
S00861,861
S00862,862
S00863,863
S00864,864
S00865,865
S00866,866
S00867,867
S00868,868
S00869,869
S00870,870
S00871,871
S00872,872
S00873,873
S00874,874
S00875,875
S00876,876
S00877,877
S00878,878
S00879,879
S00880,880
S00881,881
S00882,882
S00883,883
S00884,884
S00885,885
S00886,886
S00887,887
S00888,888
S00889,889
S00890,890
S00891,891
S00892,892
S00893,893
S00894,894
S00895,895
S00896,896
S00897,897
S00898,898
S00899,899
S00900,900
S00901,901
S00902,902
S00903,903
S00904,904
S00905,905
S00906,906
S00907,907
S00908,908
S00909,909
S00910,910
S00911,911
S00912,912
S00913,913
S00914,914
S00915,915
S00916,916
S00917,917
S00918,918
S00919,919
S00920,920
S00921,921
S00922,922
S00923,923
S00924,924
S00925,925
S00926,926
S00927,927
S00928,928
S00929,929
S00930,930
S00931,931
S00932,932
S00933,933
S00934,934
S00935,935
S00936,936
S00937,937
S00938,938
S00939,939
S00940,940
S00941,941
S00942,942
S00943,943
S00944,944
S00945,945
S00946,946
S00947,947
S00948,948
S00949,949
S00950,950
S00951,951
S00952,952
S00953,953
S00954,954
S00955,955
S00956,956
S00957,957
S00958,958
S00959,959
S00960,960
S00961,961
S00962,962
S00963,963
S00964,964
S00965,965
S00966,966
S00967,967
S00968,968
S00969,969
S00970,970
S00971,971
S00972,972
S00973,973
S00974,974
S00975,975
S00976,976
S00977,977
S00978,978
S00979,979
S00980,980
S00981,981
S00982,982
S00983,983
S00984,984
S00985,985
S00986,986
S00987,987
S00988,988
S00989,989
S00990,990
S00991,991
S00992,992
S00993,993
S00994,994
S00995,995
S00996,996
S00997,997
S00998,998
S00999,999
S01000,1000
S01001,1001
S01002,1002
S01003,1003
S01004,1004
S01005,1005
S01006,1006
S01007,1007
S01008,1008
S01009,1009
S01010,1010
S01011,1011
S01012,1012
S01013,1013
S01014,1014
S01015,1015
S01016,1016
S01017,1017
S01018,1018
S01019,1019
S01020,1020
S01021,1021
S01022,1022
S01023,1023
S01024,1024
S01025,1025
S01026,1026
S01027,1027
S01028,1028
S01029,1029
S01030,1030
S01031,1031
S01032,1032
S01033,1033
S01034,1034
S01035,1035
S01036,1036
S01037,1037
S01038,1038
S01039,1039
S01040,1040
S01041,1041
S01042,1042
S01043,1043
S01044,1044
S01045,1045
S01046,1046
S01047,1047
S01048,1048
S01049,1049
S01050,1050
S01051,1051
S01052,1052
S01053,1053
S01054,1054
S01055,1055
S01056,1056
S01057,1057
S01058,1058
S01059,1059
S01060,1060
S01061,1061
S01062,1062
S01063,1063
S01064,1064
S01065,1065
S01066,1066
S01067,1067
S01068,1068
S01069,1069
S01070,1070
S01071,1071
S01072,1072
S01073,1073
S01074,1074
S01075,1075
S01076,1076
S01077,1077
S01078,1078
S01079,1079
S01080,1080
S01081,1081
S01082,1082
S01083,1083
S01084,1084
S01085,1085
S01086,1086
S01087,1087
S01088,1088
S01089,1089
S01090,1090
S01091,1091
S01092,1092
S01093,1093
S01094,1094
S01095,1095
S01096,1096
S01097,1097
S01098,1098
S01099,1099
S01100,1100
S01101,1101
S01102,1102
S01103,1103
S01104,1104
S01105,1105
S01106,1106
S01107,1107
S01108,1108
S01109,1109
S01110,1110
S01111,1111
S01112,1112
S01113,1113
S01114,1114
S01115,1115
S01116,1116
S01117,1117
S01118,1118
S01119,1119
S01120,1120
S01121,1121
S01122,1122
S01123,1123
S01124,1124
S01125,1125
S01126,1126
S01127,1127
S01128,1128
S01129,1129
S01130,1130
S01131,1131
S01132,1132
S01133,1133
S01134,1134
S01135,1135
S01136,1136
S01137,1137
S01138,1138
S01139,1139
S01140,1140
S01141,1141
S01142,1142
S01143,1143
S01144,1144
S01145,1145
S01146,1146
S01147,1147
S01148,1148
S01149,1149
S01150,1150
S01151,1151
S01152,1152
S01153,1153
S01154,1154
S01155,1155
S01156,1156
S01157,1157
S01158,1158
S01159,1159
S01160,1160
S01161,1161
S01162,1162
S01163,1163
S01164,1164
S01165,1165
S01166,1166
S01167,1167
S01168,1168
S01169,1169
S01170,1170
S01171,1171
S01172,1172
S01173,1173
S01174,1174
S01175,1175
S01176,1176
S01177,1177
S01178,1178
S01179,1179
S01180,1180
S01181,1181
S01182,1182
S01183,1183
S01184,1184
S01185,1185
S01186,1186
S01187,1187
S01188,1188
S01189,1189
S01190,1190
S01191,1191
S01192,1192
S01193,1193
S01194,1194
S01195,1195
S01196,1196
S01197,1197
S01198,1198
S01199,1199
S01200,1200
S01201,1201
S01202,1202
S01203,1203
S01204,1204
S01205,1205
S01206,1206
S01207,1207
S01208,1208
S01209,1209
S01210,1210
S01211,1211
S01212,1212
S01213,1213
S01214,1214
S01215,1215
S01216,1216
S01217,1217
S01218,1218
S01219,1219
S01220,1220
S01221,1221
S01222,1222
S01223,1223
S01224,1224
S01225,1225
S01226,1226
S01227,1227
S01228,1228
S01229,1229
S01230,1230
S01231,1231
S01232,1232
S01233,1233
S01234,1234
S01235,1235
S01236,1236
S01237,1237
S01238,1238
S01239,1239
S01240,1240
S01241,1241
S01242,1242
S01243,1243
S01244,1244
S01245,1245
S01246,1246
S01247,1247
S01248,1248
S01249,1249
S01250,1250
S01251,1251
S01252,1252
S01253,1253
S01254,1254
S01255,1255
S01256,1256
S01257,1257
S01258,1258
S01259,1259
S01260,1260
S01261,1261
S01262,1262
S01263,1263
S01264,1264
S01265,1265
S01266,1266
S01267,1267
S01268,1268
S01269,1269
S01270,1270
S01271,1271
S01272,1272
S01273,1273
S01274,1274
S01275,1275
S01276,1276
S01277,1277
S01278,1278
S01279,1279
S01280,1280
S01281,1281
S01282,1282
S01283,1283
S01284,1284
S01285,1285
S01286,1286
S01287,1287
S01288,1288
S01289,1289
S01290,1290
S01291,1291
S01292,1292
S01293,1293
S01294,1294
S01295,1295
S01296,1296
S01297,1297
S01298,1298
S01299,1299
S01300,1300
S01301,1301
S01302,1302
S01303,1303
S01304,1304
S01305,1305
S01306,1306
S01307,1307
S01308,1308
S01309,1309
S01310,1310
S01311,1311
S01312,1312
S01313,1313
S01314,1314
S01315,1315
S01316,1316
S01317,1317
S01318,1318
S01319,1319
S01320,1320
S01321,1321
S01322,1322
S01323,1323
S01324,1324
S01325,1325
S01326,1326
S01327,1327
S01328,1328
S01329,1329
S01330,1330
S01331,1331
S01332,1332
S01333,1333
S01334,1334
S01335,1335
S01336,1336
S01337,1337
S01338,1338
S01339,1339
S01340,1340
S01341,1341
S01342,1342
S01343,1343
S01344,1344
S01345,1345
S01346,1346
S01347,1347
S01348,1348
S01349,1349
S01350,1350
S01351,1351
S01352,1352
S01353,1353
S01354,1354
S01355,1355
S01356,1356
S01357,1357
S01358,1358
S01359,1359
S01360,1360
S01361,1361
S01362,1362
S01363,1363
S01364,1364
S01365,1365
S01366,1366
S01367,1367
S01368,1368
S01369,1369
S01370,1370
S01371,1371
S01372,1372
S01373,1373
S01374,1374
S01375,1375
S01376,1376
S01377,1377
S01378,1378
S01379,1379
S01380,1380
S01381,1381
S01382,1382
S01383,1383
S01384,1384
S01385,1385
S01386,1386
S01387,1387
S01388,1388
S01389,1389
S01390,1390
S01391,1391
S01392,1392
S01393,1393
S01394,1394
S01395,1395
S01396,1396
S01397,1397
S01398,1398
S01399,1399
S01400,1400
S01401,1401
S01402,1402
S01403,1403
S01404,1404
S01405,1405
S01406,1406
S01407,1407
S01408,1408
S01409,1409
S01410,1410
S01411,1411
S01412,1412
S01413,1413
S01414,1414
S01415,1415
S01416,1416
S01417,1417
S01418,1418
S01419,1419
S01420,1420
S01421,1421
S01422,1422
S01423,1423
S01424,1424
S01425,1425
S01426,1426
S01427,1427
S01428,1428
S01429,1429
S01430,1430
S01431,1431
S01432,1432
S01433,1433
S01434,1434
S01435,1435
S01436,1436
S01437,1437
S01438,1438
S01439,1439
S01440,1440
S01441,1441
S01442,1442
S01443,1443
S01444,1444
S01445,1445
S01446,1446
S01447,1447
S01448,1448
S01449,1449
S01450,1450
S01451,1451
S01452,1452
S01453,1453
S01454,1454
S01455,1455
S01456,1456
S01457,1457
S01458,1458
S01459,1459
S01460,1460
S01461,1461
S01462,1462
S01463,1463
S01464,1464
S01465,1465
S01466,1466
S01467,1467
S01468,1468
S01469,1469
S01470,1470
S01471,1471
S01472,1472
S01473,1473
S01474,1474
S01475,1475
S01476,1476
S01477,1477
S01478,1478
S01479,1479
S01480,1480
S01481,1481
S01482,1482
S01483,1483
S01484,1484
S01485,1485
S01486,1486
S01487,1487
S01488,1488
S01489,1489
S01490,1490
S01491,1491
S01492,1492
S01493,1493
S01494,1494
S01495,1495
S01496,1496
S01497,1497
S01498,1498
S01499,1499
S01500,1500
S01501,1501
S01502,1502
S01503,1503
S01504,1504
S01505,1505
S01506,1506
S01507,1507
S01508,1508
S01509,1509
S01510,1510
S01511,1511
S01512,1512
S01513,1513
S01514,1514
S01515,1515
S01516,1516
S01517,1517
S01518,1518
S01519,1519
S01520,1520
S01521,1521
S01522,1522
S01523,1523
S01524,1524
S01525,1525
S01526,1526
S01527,1527
S01528,1528
S01529,1529
S01530,1530
S01531,1531
S01532,1532
S01533,1533
S01534,1534
S01535,1535
S01536,1536
S01537,1537
S01538,1538
S01539,1539
S01540,1540
S01541,1541
S01542,1542
S01543,1543
S01544,1544
S01545,1545
S01546,1546
S01547,1547
S01548,1548
S01549,1549
S01550,1550
S01551,1551
S01552,1552
S01553,1553
S01554,1554
S01555,1555
S01556,1556
S01557,1557
S01558,1558
S01559,1559
S01560,1560
S01561,1561
S01562,1562
S01563,1563
S01564,1564
S01565,1565
S01566,1566
S01567,1567
S01568,1568
S01569,1569
S01570,1570
S01571,1571
S01572,1572
S01573,1573
S01574,1574
S01575,1575
S01576,1576
S01577,1577
S01578,1578
S01579,1579
S01580,1580
S01581,1581
S01582,1582
S01583,1583
S01584,1584
S01585,1585
S01586,1586
S01587,1587
S01588,1588
S01589,1589
S01590,1590
S01591,1591
S01592,1592
S01593,1593
S01594,1594
S01595,1595
S01596,1596
S01597,1597
S01598,1598
S01599,1599
S01600,1600
S01601,1601
S01602,1602
S01603,1603
S01604,1604
S01605,1605
S01606,1606
S01607,1607
S01608,1608
S01609,1609
S01610,1610
S01611,1611
S01612,1612
S01613,1613
S01614,1614
S01615,1615
S01616,1616
S01617,1617
S01618,1618
S01619,1619
S01620,1620
S01621,1621
S01622,1622
S01623,1623
S01624,1624
S01625,1625
S01626,1626
S01627,1627
S01628,1628
S01629,1629
S01630,1630
S01631,1631
S01632,1632
S01633,1633
S01634,1634
S01635,1635
S01636,1636
S01637,1637
S01638,1638
S01639,1639
S01640,1640
S01641,1641
S01642,1642
S01643,1643
S01644,1644
S01645,1645
S01646,1646
S01647,1647
S01648,1648
S01649,1649
S01650,1650
S01651,1651
S01652,1652
S01653,1653
S01654,1654
S01655,1655
S01656,1656
S01657,1657
S01658,1658
S01659,1659
S01660,1660
S01661,1661
S01662,1662
S01663,1663
S01664,1664
S01665,1665
S01666,1666
S01667,1667
S01668,1668
S01669,1669
S01670,1670
S01671,1671
S01672,1672
S01673,1673
S01674,1674
S01675,1675
S01676,1676
S01677,1677
S01678,1678
S01679,1679
S01680,1680
S01681,1681
S01682,1682
S01683,1683
S01684,1684
S01685,1685
S01686,1686
S01687,1687
S01688,1688
S01689,1689
S01690,1690
S01691,1691
S01692,1692
S01693,1693
S01694,1694
S01695,1695
S01696,1696
S01697,1697
S01698,1698
S01699,1699
S01700,1700
S01701,1701
S01702,1702
S01703,1703
S01704,1704
S01705,1705
S01706,1706
S01707,1707
S01708,1708
S01709,1709
S01710,1710
S01711,1711
S01712,1712
S01713,1713
S01714,1714
S01715,1715
S01716,1716
S01717,1717
S01718,1718
S01719,1719
S01720,1720
S01721,1721
S01722,1722
S01723,1723
S01724,1724
S01725,1725
S01726,1726
S01727,1727
S01728,1728
S01729,1729
S01730,1730
S01731,1731
S01732,1732
S01733,1733
S01734,1734
S01735,1735
S01736,1736
S01737,1737
S01738,1738
S01739,1739
S01740,1740
S01741,1741
S01742,1742
S01743,1743
S01744,1744
S01745,1745
S01746,1746
S01747,1747
S01748,1748
S01749,1749
S01750,1750
S01751,1751
S01752,1752
S01753,1753
S01754,1754
S01755,1755
S01756,1756
S01757,1757
S01758,1758
S01759,1759
S01760,1760
S01761,1761
S01762,1762
S01763,1763
S01764,1764
S01765,1765
S01766,1766
S01767,1767
S01768,1768
S01769,1769
S01770,1770
S01771,1771
S01772,1772
S01773,1773
S01774,1774
S01775,1775
S01776,1776
S01777,1777
S01778,1778
S01779,1779
S01780,1780
S01781,1781
S01782,1782
S01783,1783
S01784,1784
S01785,1785
S01786,1786
S01787,1787
S01788,1788
S01789,1789
S01790,1790
S01791,1791
S01792,1792
S01793,1793
S01794,1794
S01795,1795
S01796,1796
S01797,1797
S01798,1798
S01799,1799
S01800,1800
S01801,1801
S01802,1802
S01803,1803
S01804,1804
S01805,1805
S01806,1806
S01807,1807
S01808,1808
S01809,1809
S01810,1810
S01811,1811
S01812,1812
S01813,1813
S01814,1814
S01815,1815
S01816,1816
S01817,1817
S01818,1818
S01819,1819
S01820,1820
S01821,1821
S01822,1822
S01823,1823
S01824,1824
S01825,1825
S01826,1826
S01827,1827
S01828,1828
S01829,1829
S01830,1830
S01831,1831
S01832,1832
S01833,1833
S01834,1834
S01835,1835
S01836,1836
S01837,1837
S01838,1838
S01839,1839
S01840,1840
S01841,1841
S01842,1842
S01843,1843
S01844,1844
S01845,1845
S01846,1846
S01847,1847
S01848,1848
S01849,1849
S01850,1850
S01851,1851
S01852,1852
S01853,1853
S01854,1854
S01855,1855
S01856,1856
S01857,1857
S01858,1858
S01859,1859
S01860,1860
S01861,1861
S01862,1862
S01863,1863
S01864,1864
S01865,1865
S01866,1866
S01867,1867
S01868,1868
S01869,1869
S01870,1870
S01871,1871
S01872,1872
S01873,1873
S01874,1874
S01875,1875
S01876,1876
S01877,1877
S01878,1878
S01879,1879
S01880,1880
S01881,1881
S01882,1882
S01883,1883
S01884,1884
S01885,1885
S01886,1886
S01887,1887
S01888,1888
S01889,1889
S01890,1890
S01891,1891
S01892,1892
S01893,1893
S01894,1894
S01895,1895
S01896,1896
S01897,1897
S01898,1898
S01899,1899
S01900,1900
S01901,1901
S01902,1902
S01903,1903
S01904,1904
S01905,1905
S01906,1906
S01907,1907
S01908,1908
S01909,1909
S01910,1910
S01911,1911
S01912,1912
S01913,1913
S01914,1914
S01915,1915
S01916,1916
S01917,1917
S01918,1918
S01919,1919
S01920,1920
S01921,1921
S01922,1922
S01923,1923
S01924,1924
S01925,1925
S01926,1926
S01927,1927
S01928,1928
S01929,1929
S01930,1930
S01931,1931
S01932,1932
S01933,1933
S01934,1934
S01935,1935
S01936,1936
S01937,1937
S01938,1938
S01939,1939
S01940,1940
S01941,1941
S01942,1942
S01943,1943
S01944,1944
S01945,1945
S01946,1946
S01947,1947
S01948,1948
S01949,1949
S01950,1950
S01951,1951
S01952,1952
S01953,1953
S01954,1954
S01955,1955
S01956,1956
S01957,1957
S01958,1958
S01959,1959
S01960,1960
S01961,1961
S01962,1962
S01963,1963
S01964,1964
S01965,1965
S01966,1966
S01967,1967
S01968,1968
S01969,1969
S01970,1970
S01971,1971
S01972,1972
S01973,1973
S01974,1974
S01975,1975
S01976,1976
S01977,1977
S01978,1978
S01979,1979
S01980,1980
S01981,1981
S01982,1982
S01983,1983
S01984,1984
S01985,1985
S01986,1986
S01987,1987
S01988,1988
S01989,1989
S01990,1990
S01991,1991
S01992,1992
S01993,1993
S01994,1994
S01995,1995
S01996,1996
S01997,1997
S01998,1998
S01999,1999
S02000,2000
S02001,2001
S02002,2002
S02003,2003
S02004,2004
S02005,2005
S02006,2006
S02007,2007
S02008,2008
S02009,2009
S02010,2010
S02011,2011
S02012,2012
S02013,2013
S02014,2014
S02015,2015
S02016,2016
S02017,2017
S02018,2018
S02019,2019
S02020,2020
S02021,2021
S02022,2022
S02023,2023
S02024,2024
S02025,2025
S02026,2026
S02027,2027
S02028,2028
S02029,2029
S02030,2030
S02031,2031
S02032,2032
S02033,2033
S02034,2034
S02035,2035
S02036,2036
S02037,2037
S02038,2038
S02039,2039
S02040,2040
S02041,2041
S02042,2042
S02043,2043
S02044,2044
S02045,2045
S02046,2046
S02047,2047
S02048,2048
S02049,2049
S02050,2050
S02051,2051
S02052,2052
S02053,2053
S02054,2054
S02055,2055
S02056,2056
S02057,2057
S02058,2058
S02059,2059
S02060,2060
S02061,2061
S02062,2062
S02063,2063
S02064,2064
S02065,2065
S02066,2066
S02067,2067
S02068,2068
S02069,2069
S02070,2070
S02071,2071
S02072,2072
S02073,2073
S02074,2074
S02075,2075
S02076,2076
S02077,2077
S02078,2078
S02079,2079
S02080,2080
S02081,2081
S02082,2082
S02083,2083
S02084,2084
S02085,2085
S02086,2086
S02087,2087
S02088,2088
S02089,2089
S02090,2090
S02091,2091
S02092,2092
S02093,2093
S02094,2094
S02095,2095
S02096,2096
S02097,2097
S02098,2098
S02099,2099
S02100,2100
S02101,2101
S02102,2102
S02103,2103
S02104,2104
S02105,2105
S02106,2106
S02107,2107
S02108,2108
S02109,2109
S02110,2110
S02111,2111
S02112,2112
S02113,2113
S02114,2114
S02115,2115
S02116,2116
S02117,2117
S02118,2118
S02119,2119
S02120,2120
S02121,2121
S02122,2122
S02123,2123
S02124,2124
S02125,2125
S02126,2126
S02127,2127
S02128,2128
S02129,2129
S02130,2130
S02131,2131
S02132,2132
S02133,2133
S02134,2134
S02135,2135
S02136,2136
S02137,2137
S02138,2138
S02139,2139
S02140,2140
S02141,2141
S02142,2142
S02143,2143
S02144,2144
S02145,2145
S02146,2146
S02147,2147
S02148,2148
S02149,2149
S02150,2150
S02151,2151
S02152,2152
S02153,2153
S02154,2154
S02155,2155
S02156,2156
S02157,2157
S02158,2158
S02159,2159
S02160,2160
S02161,2161
S02162,2162
S02163,2163
S02164,2164
S02165,2165
S02166,2166
S02167,2167
S02168,2168
S02169,2169
S02170,2170
S02171,2171
S02172,2172
S02173,2173
S02174,2174
S02175,2175
S02176,2176
S02177,2177
S02178,2178
S02179,2179
S02180,2180
S02181,2181
S02182,2182
S02183,2183
S02184,2184
S02185,2185
S02186,2186
S02187,2187
S02188,2188
S02189,2189
S02190,2190
S02191,2191
S02192,2192
S02193,2193
S02194,2194
S02195,2195
S02196,2196
S02197,2197
S02198,2198
S02199,2199
S02200,2200
S02201,2201
S02202,2202
S02203,2203
S02204,2204
S02205,2205
S02206,2206
S02207,2207
S02208,2208
S02209,2209
S02210,2210
S02211,2211
S02212,2212
S02213,2213
S02214,2214
S02215,2215
S02216,2216
S02217,2217
S02218,2218
S02219,2219
S02220,2220
S02221,2221
S02222,2222
S02223,2223
S02224,2224
S02225,2225
S02226,2226
S02227,2227
S02228,2228
S02229,2229
S02230,2230
S02231,2231
S02232,2232
S02233,2233
S02234,2234
S02235,2235
S02236,2236
S02237,2237
S02238,2238
S02239,2239
S02240,2240
S02241,2241
S02242,2242
S02243,2243
S02244,2244
S02245,2245
S02246,2246
S02247,2247
S02248,2248
S02249,2249
S02250,2250
S02251,2251
S02252,2252
S02253,2253
S02254,2254
S02255,2255
S02256,2256
S02257,2257
S02258,2258
S02259,2259
S02260,2260
S02261,2261
S02262,2262
S02263,2263
S02264,2264
S02265,2265
S02266,2266
S02267,2267
S02268,2268
S02269,2269
S02270,2270
S02271,2271
S02272,2272
S02273,2273
S02274,2274
S02275,2275
S02276,2276
S02277,2277
S02278,2278
S02279,2279
S02280,2280
S02281,2281
S02282,2282
S02283,2283
S02284,2284
S02285,2285
S02286,2286
S02287,2287
S02288,2288
S02289,2289
S02290,2290
S02291,2291
S02292,2292
S02293,2293
S02294,2294
S02295,2295
S02296,2296
S02297,2297
S02298,2298
S02299,2299
S02300,2300
S02301,2301
S02302,2302
S02303,2303
S02304,2304
S02305,2305
S02306,2306
S02307,2307
S02308,2308
S02309,2309
S02310,2310
S02311,2311
S02312,2312
S02313,2313
S02314,2314
S02315,2315
S02316,2316
S02317,2317
S02318,2318
S02319,2319
S02320,2320
S02321,2321
S02322,2322
S02323,2323
S02324,2324
S02325,2325
S02326,2326
S02327,2327
S02328,2328
S02329,2329
S02330,2330
S02331,2331
S02332,2332
S02333,2333
S02334,2334
S02335,2335
S02336,2336
S02337,2337
S02338,2338
S02339,2339
S02340,2340
S02341,2341
S02342,2342
S02343,2343
S02344,2344
S02345,2345
S02346,2346
S02347,2347
S02348,2348
S02349,2349
S02350,2350
S02351,2351
S02352,2352
S02353,2353
S02354,2354
S02355,2355
S02356,2356
S02357,2357
S02358,2358
S02359,2359
S02360,2360
S02361,2361
S02362,2362
S02363,2363
S02364,2364
S02365,2365
S02366,2366
S02367,2367
S02368,2368
S02369,2369
S02370,2370
S02371,2371
S02372,2372
S02373,2373
S02374,2374
S02375,2375
S02376,2376
S02377,2377
S02378,2378
S02379,2379
S02380,2380
S02381,2381
S02382,2382
S02383,2383
S02384,2384
S02385,2385
S02386,2386
S02387,2387
S02388,2388
S02389,2389
S02390,2390
S02391,2391
S02392,2392
S02393,2393
S02394,2394
S02395,2395
S02396,2396
S02397,2397
S02398,2398
S02399,2399
S02400,2400
S02401,2401
S02402,2402
S02403,2403
S02404,2404
S02405,2405
S02406,2406
S02407,2407
S02408,2408
S02409,2409
S02410,2410
S02411,2411
S02412,2412
S02413,2413
S02414,2414
S02415,2415
S02416,2416
S02417,2417
S02418,2418
S02419,2419
S02420,2420
S02421,2421
S02422,2422
S02423,2423
S02424,2424
S02425,2425
S02426,2426
S02427,2427
S02428,2428
S02429,2429
S02430,2430
S02431,2431
S02432,2432
S02433,2433
S02434,2434
S02435,2435
S02436,2436
S02437,2437
S02438,2438
S02439,2439
S02440,2440
S02441,2441
S02442,2442
S02443,2443
S02444,2444
S02445,2445
S02446,2446
S02447,2447
S02448,2448
S02449,2449
S02450,2450
S02451,2451
S02452,2452
S02453,2453
S02454,2454
S02455,2455
S02456,2456
S02457,2457
S02458,2458
S02459,2459
S02460,2460
S02461,2461
S02462,2462
S02463,2463
S02464,2464
S02465,2465
S02466,2466
S02467,2467
S02468,2468
S02469,2469
S02470,2470
S02471,2471
S02472,2472
S02473,2473
S02474,2474
S02475,2475
S02476,2476
S02477,2477
S02478,2478
S02479,2479
S02480,2480
S02481,2481
S02482,2482
S02483,2483
S02484,2484
S02485,2485
S02486,2486
S02487,2487
S02488,2488
S02489,2489
S02490,2490
S02491,2491
S02492,2492
S02493,2493
S02494,2494
S02495,2495
S02496,2496
S02497,2497
S02498,2498
S02499,2499
S02500,2500
S02501,2501
S02502,2502
S02503,2503
S02504,2504
S02505,2505
S02506,2506
S02507,2507
S02508,2508
S02509,2509
S02510,2510
S02511,2511
S02512,2512
S02513,2513
S02514,2514
S02515,2515
S02516,2516
S02517,2517
S02518,2518
S02519,2519
S02520,2520
S02521,2521
S02522,2522
S02523,2523
S02524,2524
S02525,2525
S02526,2526
S02527,2527
S02528,2528
S02529,2529
S02530,2530
S02531,2531
S02532,2532
S02533,2533
S02534,2534
S02535,2535
S02536,2536
S02537,2537
S02538,2538
S02539,2539
S02540,2540
S02541,2541
S02542,2542
S02543,2543
S02544,2544
S02545,2545
S02546,2546
S02547,2547
S02548,2548
S02549,2549
S02550,2550
S02551,2551
S02552,2552
S02553,2553
S02554,2554
S02555,2555
S02556,2556
S02557,2557
S02558,2558
S02559,2559
S02560,2560
S02561,2561
S02562,2562
S02563,2563
S02564,2564
S02565,2565
S02566,2566
S02567,2567
S02568,2568
S02569,2569
S02570,2570
S02571,2571
S02572,2572
S02573,2573
S02574,2574
S02575,2575
S02576,2576
S02577,2577
S02578,2578
S02579,2579
S02580,2580
S02581,2581
S02582,2582
S02583,2583
S02584,2584
S02585,2585
S02586,2586
S02587,2587
S02588,2588
S02589,2589
S02590,2590
S02591,2591
S02592,2592
S02593,2593
S02594,2594
S02595,2595
S02596,2596
S02597,2597
S02598,2598
S02599,2599
S02600,2600
S02601,2601
S02602,2602
S02603,2603
S02604,2604
S02605,2605
S02606,2606
S02607,2607
S02608,2608
S02609,2609
S02610,2610
S02611,2611
S02612,2612
S02613,2613
S02614,2614
S02615,2615
S02616,2616
S02617,2617
S02618,2618
S02619,2619
S02620,2620
S02621,2621
S02622,2622
S02623,2623
S02624,2624
S02625,2625
S02626,2626
S02627,2627
S02628,2628
S02629,2629
S02630,2630
S02631,2631
S02632,2632
S02633,2633
S02634,2634
S02635,2635
S02636,2636
S02637,2637
S02638,2638
S02639,2639
S02640,2640
S02641,2641
S02642,2642
S02643,2643
S02644,2644
S02645,2645
S02646,2646
S02647,2647
S02648,2648
S02649,2649
S02650,2650
S02651,2651
S02652,2652
S02653,2653
S02654,2654
S02655,2655
S02656,2656
S02657,2657
S02658,2658
S02659,2659
S02660,2660
S02661,2661
S02662,2662
S02663,2663
S02664,2664
S02665,2665
S02666,2666
S02667,2667
S02668,2668
S02669,2669
S02670,2670
S02671,2671
S02672,2672
S02673,2673
S02674,2674
S02675,2675
S02676,2676
S02677,2677
S02678,2678
S02679,2679
S02680,2680
S02681,2681
S02682,2682
S02683,2683
S02684,2684
S02685,2685
S02686,2686
S02687,2687
S02688,2688
S02689,2689
S02690,2690
S02691,2691
S02692,2692
S02693,2693
S02694,2694
S02695,2695
S02696,2696
S02697,2697
S02698,2698
S02699,2699
S02700,2700
S02701,2701
S02702,2702
S02703,2703
S02704,2704
S02705,2705
S02706,2706
S02707,2707
S02708,2708
S02709,2709
S02710,2710
S02711,2711
S02712,2712
S02713,2713
S02714,2714
S02715,2715
S02716,2716
S02717,2717
S02718,2718
S02719,2719
S02720,2720
S02721,2721
S02722,2722
S02723,2723
S02724,2724
S02725,2725
S02726,2726
S02727,2727
S02728,2728
S02729,2729
S02730,2730
S02731,2731
S02732,2732
S02733,2733
S02734,2734
S02735,2735
S02736,2736
S02737,2737
S02738,2738
S02739,2739
S02740,2740
S02741,2741
S02742,2742
S02743,2743
S02744,2744
S02745,2745
S02746,2746
S02747,2747
S02748,2748
S02749,2749
S02750,2750
S02751,2751
S02752,2752
S02753,2753
S02754,2754
S02755,2755
S02756,2756
S02757,2757
S02758,2758
S02759,2759
S02760,2760
S02761,2761
S02762,2762
S02763,2763
S02764,2764
S02765,2765
S02766,2766
S02767,2767
S02768,2768
S02769,2769
S02770,2770
S02771,2771
S02772,2772
S02773,2773
S02774,2774
S02775,2775
S02776,2776
S02777,2777
S02778,2778
S02779,2779
S02780,2780
S02781,2781
S02782,2782
S02783,2783
S02784,2784
S02785,2785
S02786,2786
S02787,2787
S02788,2788
S02789,2789
S02790,2790
S02791,2791
S02792,2792
S02793,2793
S02794,2794
S02795,2795
S02796,2796
S02797,2797
S02798,2798
S02799,2799
S02800,2800
S02801,2801
S02802,2802
S02803,2803
S02804,2804
S02805,2805
S02806,2806
S02807,2807
S02808,2808
S02809,2809
S02810,2810
S02811,2811
S02812,2812
S02813,2813
S02814,2814
S02815,2815
S02816,2816
S02817,2817
S02818,2818
S02819,2819
S02820,2820
S02821,2821
S02822,2822
S02823,2823
S02824,2824
S02825,2825
S02826,2826
S02827,2827
S02828,2828
S02829,2829
S02830,2830
S02831,2831
S02832,2832
S02833,2833
S02834,2834
S02835,2835
S02836,2836
S02837,2837
S02838,2838
S02839,2839
S02840,2840
S02841,2841
S02842,2842
S02843,2843
S02844,2844
S02845,2845
S02846,2846
S02847,2847
S02848,2848
S02849,2849
S02850,2850
S02851,2851
S02852,2852
S02853,2853
S02854,2854
S02855,2855
S02856,2856
S02857,2857
S02858,2858
S02859,2859
S02860,2860
S02861,2861
S02862,2862
S02863,2863
S02864,2864
S02865,2865
S02866,2866
S02867,2867
S02868,2868
S02869,2869
S02870,2870
S02871,2871
S02872,2872
S02873,2873
S02874,2874
S02875,2875
S02876,2876
S02877,2877
S02878,2878
S02879,2879
S02880,2880
S02881,2881
S02882,2882
S02883,2883
S02884,2884
S02885,2885
S02886,2886
S02887,2887
S02888,2888
S02889,2889
S02890,2890
S02891,2891
S02892,2892
S02893,2893
S02894,2894
S02895,2895
S02896,2896
S02897,2897
S02898,2898
S02899,2899
S02900,2900
S02901,2901
S02902,2902
S02903,2903
S02904,2904
S02905,2905
S02906,2906
S02907,2907
S02908,2908
S02909,2909
S02910,2910
S02911,2911
S02912,2912
S02913,2913
S02914,2914
S02915,2915
S02916,2916
S02917,2917
S02918,2918
S02919,2919
S02920,2920
S02921,2921
S02922,2922
S02923,2923
S02924,2924
S02925,2925
S02926,2926
S02927,2927
S02928,2928
S02929,2929
S02930,2930
S02931,2931
S02932,2932
S02933,2933
S02934,2934
S02935,2935
S02936,2936
S02937,2937
S02938,2938
S02939,2939
S02940,2940
S02941,2941
S02942,2942
S02943,2943
S02944,2944
S02945,2945
S02946,2946
S02947,2947
S02948,2948
S02949,2949
S02950,2950
S02951,2951
S02952,2952
S02953,2953
S02954,2954
S02955,2955
S02956,2956
S02957,2957
S02958,2958
S02959,2959
S02960,2960
S02961,2961
S02962,2962
S02963,2963
S02964,2964
S02965,2965
S02966,2966
S02967,2967
S02968,2968
S02969,2969
S02970,2970
S02971,2971
S02972,2972
S02973,2973
S02974,2974
S02975,2975
S02976,2976
S02977,2977
S02978,2978
S02979,2979
S02980,2980
S02981,2981
S02982,2982
S02983,2983
S02984,2984
S02985,2985
S02986,2986
S02987,2987
S02988,2988
S02989,2989
S02990,2990
S02991,2991
S02992,2992
S02993,2993
S02994,2994
S02995,2995
S02996,2996
S02997,2997
S02998,2998
S02999,2999
S03000,3000
S03001,3001
S03002,3002
S03003,3003
S03004,3004
S03005,3005
S03006,3006
S03007,3007
S03008,3008
S03009,3009
S03010,3010
S03011,3011
S03012,3012
S03013,3013
S03014,3014
S03015,3015
S03016,3016
S03017,3017
S03018,3018
S03019,3019
S03020,3020
S03021,3021
S03022,3022
S03023,3023
S03024,3024
S03025,3025
S03026,3026
S03027,3027
S03028,3028
S03029,3029
S03030,3030
S03031,3031
S03032,3032
S03033,3033
S03034,3034
S03035,3035
S03036,3036
S03037,3037
S03038,3038
S03039,3039
S03040,3040
S03041,3041
S03042,3042
S03043,3043
S03044,3044
S03045,3045
S03046,3046
S03047,3047
S03048,3048
S03049,3049
S03050,3050
S03051,3051
S03052,3052
S03053,3053
S03054,3054
S03055,3055
S03056,3056
S03057,3057
S03058,3058
S03059,3059
S03060,3060
S03061,3061
S03062,3062
S03063,3063
S03064,3064
S03065,3065
S03066,3066
S03067,3067
S03068,3068
S03069,3069
S03070,3070
S03071,3071
S03072,3072
S03073,3073
S03074,3074
S03075,3075
S03076,3076
S03077,3077
S03078,3078
S03079,3079
S03080,3080
S03081,3081
S03082,3082
S03083,3083
S03084,3084
S03085,3085
S03086,3086
S03087,3087
S03088,3088
S03089,3089
S03090,3090
S03091,3091
S03092,3092
S03093,3093
S03094,3094
S03095,3095
S03096,3096
S03097,3097
S03098,3098
S03099,3099
S03100,3100
S03101,3101
S03102,3102
S03103,3103
S03104,3104
S03105,3105
S03106,3106
S03107,3107
S03108,3108
S03109,3109
S03110,3110
S03111,3111
S03112,3112
S03113,3113
S03114,3114
S03115,3115
S03116,3116
S03117,3117
S03118,3118
S03119,3119
S03120,3120
S03121,3121
S03122,3122
S03123,3123
S03124,3124
S03125,3125
S03126,3126
S03127,3127
S03128,3128
S03129,3129
S03130,3130
S03131,3131
S03132,3132
S03133,3133
S03134,3134
S03135,3135
S03136,3136
S03137,3137
S03138,3138
S03139,3139
S03140,3140
S03141,3141
S03142,3142
S03143,3143
S03144,3144
S03145,3145
S03146,3146
S03147,3147
S03148,3148
S03149,3149
S03150,3150
S03151,3151
S03152,3152
S03153,3153
S03154,3154
S03155,3155
S03156,3156
S03157,3157
S03158,3158
S03159,3159
S03160,3160
S03161,3161
S03162,3162
S03163,3163
S03164,3164
S03165,3165
S03166,3166
S03167,3167
S03168,3168
S03169,3169
S03170,3170
S03171,3171
S03172,3172
S03173,3173
S03174,3174
S03175,3175
S03176,3176
S03177,3177
S03178,3178
S03179,3179
S03180,3180
S03181,3181
S03182,3182
S03183,3183
S03184,3184
S03185,3185
S03186,3186
S03187,3187
S03188,3188
S03189,3189
S03190,3190
S03191,3191
S03192,3192
S03193,3193
S03194,3194
S03195,3195
S03196,3196
S03197,3197
S03198,3198
S03199,3199
S03200,3200
S03201,3201
S03202,3202
S03203,3203
S03204,3204
S03205,3205
S03206,3206
S03207,3207
S03208,3208
S03209,3209
S03210,3210
S03211,3211
S03212,3212
S03213,3213
S03214,3214
S03215,3215
S03216,3216
S03217,3217
S03218,3218
S03219,3219
S03220,3220
S03221,3221
S03222,3222
S03223,3223
S03224,3224
S03225,3225
S03226,3226
S03227,3227
S03228,3228
S03229,3229
S03230,3230
S03231,3231
S03232,3232
S03233,3233
S03234,3234
S03235,3235
S03236,3236
S03237,3237
S03238,3238
S03239,3239
S03240,3240
S03241,3241
S03242,3242
S03243,3243
S03244,3244
S03245,3245
S03246,3246
S03247,3247
S03248,3248
S03249,3249
S03250,3250
S03251,3251
S03252,3252
S03253,3253
S03254,3254
S03255,3255
S03256,3256
S03257,3257
S03258,3258
S03259,3259
S03260,3260
S03261,3261
S03262,3262
S03263,3263
S03264,3264
S03265,3265
S03266,3266
S03267,3267
S03268,3268
S03269,3269
S03270,3270
S03271,3271
S03272,3272
S03273,3273
S03274,3274
S03275,3275
S03276,3276
S03277,3277
S03278,3278
S03279,3279
S03280,3280
S03281,3281
S03282,3282
S03283,3283
S03284,3284
S03285,3285
S03286,3286
S03287,3287
S03288,3288
S03289,3289
S03290,3290
S03291,3291
S03292,3292
S03293,3293
S03294,3294
S03295,3295
S03296,3296
S03297,3297
S03298,3298
S03299,3299
S03300,3300
S03301,3301
S03302,3302
S03303,3303
S03304,3304
S03305,3305
S03306,3306
S03307,3307
S03308,3308
S03309,3309
S03310,3310
S03311,3311
S03312,3312
S03313,3313
S03314,3314
S03315,3315
S03316,3316
S03317,3317
S03318,3318
S03319,3319
S03320,3320
S03321,3321
S03322,3322
S03323,3323
S03324,3324
S03325,3325
S03326,3326
S03327,3327
S03328,3328
S03329,3329
S03330,3330
S03331,3331
S03332,3332
S03333,3333
S03334,3334
S03335,3335
S03336,3336
S03337,3337
S03338,3338
S03339,3339
S03340,3340
S03341,3341
S03342,3342
S03343,3343
S03344,3344
S03345,3345
S03346,3346
S03347,3347
S03348,3348
S03349,3349
S03350,3350
S03351,3351
S03352,3352
S03353,3353
S03354,3354
S03355,3355
S03356,3356
S03357,3357
S03358,3358
S03359,3359
S03360,3360
S03361,3361
S03362,3362
S03363,3363
S03364,3364
S03365,3365
S03366,3366
S03367,3367
S03368,3368
S03369,3369
S03370,3370
S03371,3371
S03372,3372
S03373,3373
S03374,3374
S03375,3375
S03376,3376
S03377,3377
S03378,3378
S03379,3379
S03380,3380
S03381,3381
S03382,3382
S03383,3383
S03384,3384
S03385,3385
S03386,3386
S03387,3387
S03388,3388
S03389,3389
S03390,3390
S03391,3391
S03392,3392
S03393,3393
S03394,3394
S03395,3395
S03396,3396
S03397,3397
S03398,3398
S03399,3399
S03400,3400
S03401,3401
S03402,3402
S03403,3403
S03404,3404
S03405,3405
S03406,3406
S03407,3407
S03408,3408
S03409,3409
S03410,3410
S03411,3411
S03412,3412
S03413,3413
S03414,3414
S03415,3415
S03416,3416
S03417,3417
S03418,3418
S03419,3419
S03420,3420
S03421,3421
S03422,3422
S03423,3423
S03424,3424
S03425,3425
S03426,3426
S03427,3427
S03428,3428
S03429,3429
S03430,3430
S03431,3431
S03432,3432
S03433,3433
S03434,3434
S03435,3435
S03436,3436
S03437,3437
S03438,3438
S03439,3439
S03440,3440
S03441,3441
S03442,3442
S03443,3443
S03444,3444
S03445,3445
S03446,3446
S03447,3447
S03448,3448
S03449,3449
S03450,3450
S03451,3451
S03452,3452
S03453,3453
S03454,3454
S03455,3455
S03456,3456
S03457,3457
S03458,3458
S03459,3459
S03460,3460
S03461,3461
S03462,3462
S03463,3463
S03464,3464
S03465,3465
S03466,3466
S03467,3467
S03468,3468
S03469,3469
S03470,3470
S03471,3471
S03472,3472
S03473,3473
S03474,3474
S03475,3475
S03476,3476
S03477,3477
S03478,3478
S03479,3479
S03480,3480
S03481,3481
S03482,3482
S03483,3483
S03484,3484
S03485,3485
S03486,3486
S03487,3487
S03488,3488
S03489,3489
S03490,3490
S03491,3491
S03492,3492
S03493,3493
S03494,3494
S03495,3495
S03496,3496
S03497,3497
S03498,3498
S03499,3499
S03500,3500
S03501,3501
S03502,3502
S03503,3503
S03504,3504
S03505,3505
S03506,3506
S03507,3507
S03508,3508
S03509,3509
S03510,3510
S03511,3511
S03512,3512
S03513,3513
S03514,3514
S03515,3515
S03516,3516
S03517,3517
S03518,3518
S03519,3519
S03520,3520
S03521,3521
S03522,3522
S03523,3523
S03524,3524
S03525,3525
S03526,3526
S03527,3527
S03528,3528
S03529,3529
S03530,3530
S03531,3531
S03532,3532
S03533,3533
S03534,3534
S03535,3535
S03536,3536
S03537,3537
S03538,3538
S03539,3539
S03540,3540
S03541,3541
S03542,3542
S03543,3543
S03544,3544
S03545,3545
S03546,3546
S03547,3547
S03548,3548
S03549,3549
S03550,3550
S03551,3551
S03552,3552
S03553,3553
S03554,3554
S03555,3555
S03556,3556
S03557,3557
S03558,3558
S03559,3559
S03560,3560
S03561,3561
S03562,3562
S03563,3563
S03564,3564
S03565,3565
S03566,3566
S03567,3567
S03568,3568
S03569,3569
S03570,3570
S03571,3571
S03572,3572
S03573,3573
S03574,3574
S03575,3575
S03576,3576
S03577,3577
S03578,3578
S03579,3579
S03580,3580
S03581,3581
S03582,3582
S03583,3583
S03584,3584
S03585,3585
S03586,3586
S03587,3587
S03588,3588
S03589,3589
S03590,3590
S03591,3591
S03592,3592
S03593,3593
S03594,3594
S03595,3595
S03596,3596
S03597,3597
S03598,3598
S03599,3599
S03600,3600
S03601,3601
S03602,3602
S03603,3603
S03604,3604
S03605,3605
S03606,3606
S03607,3607
S03608,3608
S03609,3609
S03610,3610
S03611,3611
S03612,3612
S03613,3613
S03614,3614
S03615,3615
S03616,3616
S03617,3617
S03618,3618
S03619,3619
S03620,3620
S03621,3621
S03622,3622
S03623,3623
S03624,3624
S03625,3625
S03626,3626
S03627,3627
S03628,3628
S03629,3629
S03630,3630
S03631,3631
S03632,3632
S03633,3633
S03634,3634
S03635,3635
S03636,3636
S03637,3637
S03638,3638
S03639,3639
S03640,3640
S03641,3641
S03642,3642
S03643,3643
S03644,3644
S03645,3645
S03646,3646
S03647,3647
S03648,3648
S03649,3649
S03650,3650
S03651,3651
S03652,3652
S03653,3653
S03654,3654
S03655,3655
S03656,3656
S03657,3657
S03658,3658
S03659,3659
S03660,3660
S03661,3661
S03662,3662
S03663,3663
S03664,3664
S03665,3665
S03666,3666
S03667,3667
S03668,3668
S03669,3669
S03670,3670
S03671,3671
S03672,3672
S03673,3673
S03674,3674
S03675,3675
S03676,3676
S03677,3677
S03678,3678
S03679,3679
S03680,3680
S03681,3681
S03682,3682
S03683,3683
S03684,3684
S03685,3685
S03686,3686
S03687,3687
S03688,3688
S03689,3689
S03690,3690
S03691,3691
S03692,3692
S03693,3693
S03694,3694
S03695,3695
S03696,3696
S03697,3697
S03698,3698
S03699,3699
S03700,3700
S03701,3701
S03702,3702
S03703,3703
S03704,3704
S03705,3705
S03706,3706
S03707,3707
S03708,3708
S03709,3709
S03710,3710
S03711,3711
S03712,3712
S03713,3713
S03714,3714
S03715,3715
S03716,3716
S03717,3717
S03718,3718
S03719,3719
S03720,3720
S03721,3721
S03722,3722
S03723,3723
S03724,3724
S03725,3725
S03726,3726
S03727,3727
S03728,3728
S03729,3729
S03730,3730
S03731,3731
S03732,3732
S03733,3733
S03734,3734
S03735,3735
S03736,3736
S03737,3737
S03738,3738
S03739,3739
S03740,3740
S03741,3741
S03742,3742
S03743,3743
S03744,3744
S03745,3745
S03746,3746
S03747,3747
S03748,3748
S03749,3749
S03750,3750
S03751,3751
S03752,3752
S03753,3753
S03754,3754
S03755,3755
S03756,3756
S03757,3757
S03758,3758
S03759,3759
S03760,3760
S03761,3761
S03762,3762
S03763,3763
S03764,3764
S03765,3765
S03766,3766
S03767,3767
S03768,3768
S03769,3769
S03770,3770
S03771,3771
S03772,3772
S03773,3773
S03774,3774
S03775,3775
S03776,3776
S03777,3777
S03778,3778
S03779,3779
S03780,3780
S03781,3781
S03782,3782
S03783,3783
S03784,3784
S03785,3785
S03786,3786
S03787,3787
S03788,3788
S03789,3789
S03790,3790
S03791,3791
S03792,3792
S03793,3793
S03794,3794
S03795,3795
S03796,3796
S03797,3797
S03798,3798
S03799,3799
S03800,3800
S03801,3801
S03802,3802
S03803,3803
S03804,3804
S03805,3805
S03806,3806
S03807,3807
S03808,3808
S03809,3809
S03810,3810
S03811,3811
S03812,3812
S03813,3813
S03814,3814
S03815,3815
S03816,3816
S03817,3817
S03818,3818
S03819,3819
S03820,3820
S03821,3821
S03822,3822
S03823,3823
S03824,3824
S03825,3825
S03826,3826
S03827,3827
S03828,3828
S03829,3829
S03830,3830
S03831,3831
S03832,3832
S03833,3833
S03834,3834
S03835,3835
S03836,3836
S03837,3837
S03838,3838
S03839,3839
S03840,3840
S03841,3841
S03842,3842
S03843,3843
S03844,3844
S03845,3845
S03846,3846
S03847,3847
S03848,3848
S03849,3849
S03850,3850
S03851,3851
S03852,3852
S03853,3853
S03854,3854
S03855,3855
S03856,3856
S03857,3857
S03858,3858
S03859,3859
S03860,3860
S03861,3861
S03862,3862
S03863,3863
S03864,3864
S03865,3865
S03866,3866
S03867,3867
S03868,3868
S03869,3869
S03870,3870
S03871,3871
S03872,3872
S03873,3873
S03874,3874
S03875,3875
S03876,3876
S03877,3877
S03878,3878
S03879,3879
S03880,3880
S03881,3881
S03882,3882
S03883,3883
S03884,3884
S03885,3885
S03886,3886
S03887,3887
S03888,3888
S03889,3889
S03890,3890
S03891,3891
S03892,3892
S03893,3893
S03894,3894
S03895,3895
S03896,3896
S03897,3897
S03898,3898
S03899,3899
S03900,3900
S03901,3901
S03902,3902
S03903,3903
S03904,3904
S03905,3905
S03906,3906
S03907,3907
S03908,3908
S03909,3909
S03910,3910
S03911,3911
S03912,3912
S03913,3913
S03914,3914
S03915,3915
S03916,3916
S03917,3917
S03918,3918
S03919,3919
S03920,3920
S03921,3921
S03922,3922
S03923,3923
S03924,3924
S03925,3925
S03926,3926
S03927,3927
S03928,3928
S03929,3929
S03930,3930
S03931,3931
S03932,3932
S03933,3933
S03934,3934
S03935,3935
S03936,3936
S03937,3937
S03938,3938
S03939,3939
S03940,3940
S03941,3941
S03942,3942
S03943,3943
S03944,3944
S03945,3945
S03946,3946
S03947,3947
S03948,3948
S03949,3949
S03950,3950
S03951,3951
S03952,3952
S03953,3953
S03954,3954
S03955,3955
S03956,3956
S03957,3957
S03958,3958
S03959,3959
S03960,3960
S03961,3961
S03962,3962
S03963,3963
S03964,3964
S03965,3965
S03966,3966
S03967,3967
S03968,3968
S03969,3969
S03970,3970
S03971,3971
S03972,3972
S03973,3973
S03974,3974
S03975,3975
S03976,3976
S03977,3977
S03978,3978
S03979,3979
S03980,3980
S03981,3981
S03982,3982
S03983,3983
S03984,3984
S03985,3985
S03986,3986
S03987,3987
S03988,3988
S03989,3989
S03990,3990
S03991,3991
S03992,3992
S03993,3993
S03994,3994
S03995,3995
S03996,3996
S03997,3997
S03998,3998
S03999,3999
S04000,4000
S04001,4001
S04002,4002
S04003,4003
S04004,4004
S04005,4005
S04006,4006
S04007,4007
S04008,4008
S04009,4009
S04010,4010
S04011,4011
S04012,4012
S04013,4013
S04014,4014
S04015,4015
S04016,4016
S04017,4017
S04018,4018
S04019,4019
S04020,4020
S04021,4021
S04022,4022
S04023,4023
S04024,4024
S04025,4025
S04026,4026
S04027,4027
S04028,4028
S04029,4029
S04030,4030
S04031,4031
S04032,4032
S04033,4033
S04034,4034
S04035,4035
S04036,4036
S04037,4037
S04038,4038
S04039,4039
S04040,4040
S04041,4041
S04042,4042
S04043,4043
S04044,4044
S04045,4045
S04046,4046
S04047,4047
S04048,4048
S04049,4049
S04050,4050
S04051,4051
S04052,4052
S04053,4053
S04054,4054
S04055,4055
S04056,4056
S04057,4057
S04058,4058
S04059,4059
S04060,4060
S04061,4061
S04062,4062
S04063,4063
S04064,4064
S04065,4065
S04066,4066
S04067,4067
S04068,4068
S04069,4069
S04070,4070
S04071,4071
S04072,4072
S04073,4073
S04074,4074
S04075,4075
S04076,4076
S04077,4077
S04078,4078
S04079,4079
S04080,4080
S04081,4081
S04082,4082
S04083,4083
S04084,4084
S04085,4085
S04086,4086
S04087,4087
S04088,4088
S04089,4089
S04090,4090
S04091,4091
S04092,4092
S04093,4093
S04094,4094
S04095,4095
S04096,4096
S04097,4097
S04098,4098
S04099,4099
S04100,4100
S04101,4101
S04102,4102
S04103,4103
S04104,4104
S04105,4105
S04106,4106
S04107,4107
S04108,4108
S04109,4109
S04110,4110
S04111,4111
S04112,4112
S04113,4113
S04114,4114
S04115,4115
S04116,4116
S04117,4117
S04118,4118
S04119,4119
S04120,4120
S04121,4121
S04122,4122
S04123,4123
S04124,4124
S04125,4125
S04126,4126
S04127,4127
S04128,4128
S04129,4129
S04130,4130
S04131,4131
S04132,4132
S04133,4133
S04134,4134
S04135,4135
S04136,4136
S04137,4137
S04138,4138
S04139,4139
S04140,4140
S04141,4141
S04142,4142
S04143,4143
S04144,4144
S04145,4145
S04146,4146
S04147,4147
S04148,4148
S04149,4149
S04150,4150
S04151,4151
S04152,4152
S04153,4153
S04154,4154
S04155,4155
S04156,4156
S04157,4157
S04158,4158
S04159,4159
S04160,4160
S04161,4161
S04162,4162
S04163,4163
S04164,4164
S04165,4165
S04166,4166
S04167,4167
S04168,4168
S04169,4169
S04170,4170
S04171,4171
S04172,4172
S04173,4173
S04174,4174
S04175,4175
S04176,4176
S04177,4177
S04178,4178
S04179,4179
S04180,4180
S04181,4181
S04182,4182
S04183,4183
S04184,4184
S04185,4185
S04186,4186
S04187,4187
S04188,4188
S04189,4189
S04190,4190
S04191,4191
S04192,4192
S04193,4193
S04194,4194
S04195,4195
S04196,4196
S04197,4197
S04198,4198
S04199,4199
S04200,4200
S04201,4201
S04202,4202
S04203,4203
S04204,4204
S04205,4205
S04206,4206
S04207,4207
S04208,4208
S04209,4209
S04210,4210
S04211,4211
S04212,4212
S04213,4213
S04214,4214
S04215,4215
S04216,4216
S04217,4217
S04218,4218
S04219,4219
S04220,4220
S04221,4221
S04222,4222
S04223,4223
S04224,4224
S04225,4225
S04226,4226
S04227,4227
S04228,4228
S04229,4229
S04230,4230
S04231,4231
S04232,4232
S04233,4233
S04234,4234
S04235,4235
S04236,4236
S04237,4237
S04238,4238
S04239,4239
S04240,4240
S04241,4241
S04242,4242
S04243,4243
S04244,4244
S04245,4245
S04246,4246
S04247,4247
S04248,4248
S04249,4249
S04250,4250
S04251,4251
S04252,4252
S04253,4253
S04254,4254
S04255,4255
S04256,4256
S04257,4257
S04258,4258
S04259,4259
S04260,4260
S04261,4261
S04262,4262
S04263,4263
S04264,4264
S04265,4265
S04266,4266
S04267,4267
S04268,4268
S04269,4269
S04270,4270
S04271,4271
S04272,4272
S04273,4273
S04274,4274
S04275,4275
S04276,4276
S04277,4277
S04278,4278
S04279,4279
S04280,4280
S04281,4281
S04282,4282
S04283,4283
S04284,4284
S04285,4285
S04286,4286
S04287,4287
S04288,4288
S04289,4289
S04290,4290
S04291,4291
S04292,4292
S04293,4293
S04294,4294
S04295,4295
S04296,4296
S04297,4297
S04298,4298
S04299,4299
S04300,4300
S04301,4301
S04302,4302
S04303,4303
S04304,4304
S04305,4305
S04306,4306
S04307,4307
S04308,4308
S04309,4309
S04310,4310
S04311,4311
S04312,4312
S04313,4313
S04314,4314
S04315,4315
S04316,4316
S04317,4317
S04318,4318
S04319,4319
S04320,4320
S04321,4321
S04322,4322
S04323,4323
S04324,4324
S04325,4325
S04326,4326
S04327,4327
S04328,4328
S04329,4329
S04330,4330
S04331,4331
S04332,4332
S04333,4333
S04334,4334
S04335,4335
S04336,4336
S04337,4337
S04338,4338
S04339,4339
S04340,4340
S04341,4341
S04342,4342
S04343,4343
S04344,4344
S04345,4345
S04346,4346
S04347,4347
S04348,4348
S04349,4349
S04350,4350
S04351,4351
S04352,4352
S04353,4353
S04354,4354
S04355,4355
S04356,4356
S04357,4357
S04358,4358
S04359,4359
S04360,4360
S04361,4361
S04362,4362
S04363,4363
S04364,4364
S04365,4365
S04366,4366
S04367,4367
S04368,4368
S04369,4369
S04370,4370
S04371,4371
S04372,4372
S04373,4373
S04374,4374
S04375,4375
S04376,4376
S04377,4377
S04378,4378
S04379,4379
S04380,4380
S04381,4381
S04382,4382
S04383,4383
S04384,4384
S04385,4385
S04386,4386
S04387,4387
S04388,4388
S04389,4389
S04390,4390
S04391,4391
S04392,4392
S04393,4393
S04394,4394
S04395,4395
S04396,4396
S04397,4397
S04398,4398
S04399,4399
S04400,4400
S04401,4401
S04402,4402
S04403,4403
S04404,4404
S04405,4405
S04406,4406
S04407,4407
S04408,4408
S04409,4409
S04410,4410
S04411,4411
S04412,4412
S04413,4413
S04414,4414
S04415,4415
S04416,4416
S04417,4417
S04418,4418
S04419,4419
S04420,4420
S04421,4421
S04422,4422
S04423,4423
S04424,4424
S04425,4425
S04426,4426
S04427,4427
S04428,4428
S04429,4429
S04430,4430
S04431,4431
S04432,4432
S04433,4433
S04434,4434
S04435,4435
S04436,4436
S04437,4437
S04438,4438
S04439,4439
S04440,4440
S04441,4441
S04442,4442
S04443,4443
S04444,4444
S04445,4445
S04446,4446
S04447,4447
S04448,4448
S04449,4449
S04450,4450
S04451,4451
S04452,4452
S04453,4453
S04454,4454
S04455,4455
S04456,4456
S04457,4457
S04458,4458
S04459,4459
S04460,4460
S04461,4461
S04462,4462
S04463,4463
S04464,4464
S04465,4465
S04466,4466
S04467,4467
S04468,4468
S04469,4469
S04470,4470
S04471,4471
S04472,4472
S04473,4473
S04474,4474
S04475,4475
S04476,4476
S04477,4477
S04478,4478
S04479,4479
S04480,4480
S04481,4481
S04482,4482
S04483,4483
S04484,4484
S04485,4485
S04486,4486
S04487,4487
S04488,4488
S04489,4489
S04490,4490
S04491,4491
S04492,4492
S04493,4493
S04494,4494
S04495,4495
S04496,4496
S04497,4497
S04498,4498
S04499,4499
S04500,4500
S04501,4501
S04502,4502
S04503,4503
S04504,4504
S04505,4505
S04506,4506
S04507,4507
S04508,4508
S04509,4509
S04510,4510
S04511,4511
S04512,4512
S04513,4513
S04514,4514
S04515,4515
S04516,4516
S04517,4517
S04518,4518
S04519,4519
S04520,4520
S04521,4521
S04522,4522
S04523,4523
S04524,4524
S04525,4525
S04526,4526
S04527,4527
S04528,4528
S04529,4529
S04530,4530
S04531,4531
S04532,4532
S04533,4533
S04534,4534
S04535,4535
S04536,4536
S04537,4537
S04538,4538
S04539,4539
S04540,4540
S04541,4541
S04542,4542
S04543,4543
S04544,4544
S04545,4545
S04546,4546
S04547,4547
S04548,4548
S04549,4549
S04550,4550
S04551,4551
S04552,4552
S04553,4553
S04554,4554
S04555,4555
S04556,4556
S04557,4557
S04558,4558
S04559,4559
S04560,4560
S04561,4561
S04562,4562
S04563,4563
S04564,4564
S04565,4565
S04566,4566
S04567,4567
S04568,4568
S04569,4569
S04570,4570
S04571,4571
S04572,4572
S04573,4573
S04574,4574
S04575,4575
S04576,4576
S04577,4577
S04578,4578
S04579,4579
S04580,4580
S04581,4581
S04582,4582
S04583,4583
S04584,4584
S04585,4585
S04586,4586
S04587,4587
S04588,4588
S04589,4589
S04590,4590
S04591,4591
S04592,4592
S04593,4593
S04594,4594
S04595,4595
S04596,4596
S04597,4597
S04598,4598
S04599,4599
S04600,4600
S04601,4601
S04602,4602
S04603,4603
S04604,4604
S04605,4605
S04606,4606
S04607,4607
S04608,4608
S04609,4609
S04610,4610
S04611,4611
S04612,4612
S04613,4613
S04614,4614
S04615,4615
S04616,4616
S04617,4617
S04618,4618
S04619,4619
S04620,4620
S04621,4621
S04622,4622
S04623,4623
S04624,4624
S04625,4625
S04626,4626
S04627,4627
S04628,4628
S04629,4629
S04630,4630
S04631,4631
S04632,4632
S04633,4633
S04634,4634
S04635,4635
S04636,4636
S04637,4637
S04638,4638
S04639,4639
S04640,4640
S04641,4641
S04642,4642
S04643,4643
S04644,4644
S04645,4645
S04646,4646
S04647,4647
S04648,4648
S04649,4649
S04650,4650
S04651,4651
S04652,4652
S04653,4653
S04654,4654
S04655,4655
S04656,4656
S04657,4657
S04658,4658
S04659,4659
S04660,4660
S04661,4661
S04662,4662
S04663,4663
S04664,4664
S04665,4665
S04666,4666
S04667,4667
S04668,4668
S04669,4669
S04670,4670
S04671,4671
S04672,4672
S04673,4673
S04674,4674
S04675,4675
S04676,4676
S04677,4677
S04678,4678
S04679,4679
S04680,4680
S04681,4681
S04682,4682
S04683,4683
S04684,4684
S04685,4685
S04686,4686
S04687,4687
S04688,4688
S04689,4689
S04690,4690
S04691,4691
S04692,4692
S04693,4693
S04694,4694
S04695,4695
S04696,4696
S04697,4697
S04698,4698
S04699,4699
S04700,4700
S04701,4701
S04702,4702
S04703,4703
S04704,4704
S04705,4705
S04706,4706
S04707,4707
S04708,4708
S04709,4709
S04710,4710
S04711,4711
S04712,4712
S04713,4713
S04714,4714
S04715,4715
S04716,4716
S04717,4717
S04718,4718
S04719,4719
S04720,4720
S04721,4721
S04722,4722
S04723,4723
S04724,4724
S04725,4725
S04726,4726
S04727,4727
S04728,4728
S04729,4729
S04730,4730
S04731,4731
S04732,4732
S04733,4733
S04734,4734
S04735,4735
S04736,4736
S04737,4737
S04738,4738
S04739,4739
S04740,4740
S04741,4741
S04742,4742
S04743,4743
S04744,4744
S04745,4745
S04746,4746
S04747,4747
S04748,4748
S04749,4749
S04750,4750
S04751,4751
S04752,4752
S04753,4753
S04754,4754
S04755,4755
S04756,4756
S04757,4757
S04758,4758
S04759,4759
S04760,4760
S04761,4761
S04762,4762
S04763,4763
S04764,4764
S04765,4765
S04766,4766
S04767,4767
S04768,4768
S04769,4769
S04770,4770
S04771,4771
S04772,4772
S04773,4773
S04774,4774
S04775,4775
S04776,4776
S04777,4777
S04778,4778
S04779,4779
S04780,4780
S04781,4781
S04782,4782
S04783,4783
S04784,4784
S04785,4785
S04786,4786
S04787,4787
S04788,4788
S04789,4789
S04790,4790
S04791,4791
S04792,4792
S04793,4793
S04794,4794
S04795,4795
S04796,4796
S04797,4797
S04798,4798
S04799,4799
S04800,4800
S04801,4801
S04802,4802
S04803,4803
S04804,4804
S04805,4805
S04806,4806
S04807,4807
S04808,4808
S04809,4809
S04810,4810
S04811,4811
S04812,4812
S04813,4813
S04814,4814
S04815,4815
S04816,4816
S04817,4817
S04818,4818
S04819,4819
S04820,4820
S04821,4821
S04822,4822
S04823,4823
S04824,4824
S04825,4825
S04826,4826
S04827,4827
S04828,4828
S04829,4829
S04830,4830
S04831,4831
S04832,4832
S04833,4833
S04834,4834
S04835,4835
S04836,4836
S04837,4837
S04838,4838
S04839,4839
S04840,4840
S04841,4841
S04842,4842
S04843,4843
S04844,4844
S04845,4845
S04846,4846
S04847,4847
S04848,4848
S04849,4849
S04850,4850
S04851,4851
S04852,4852
S04853,4853
S04854,4854
S04855,4855
S04856,4856
S04857,4857
S04858,4858
S04859,4859
S04860,4860
S04861,4861
S04862,4862
S04863,4863
S04864,4864
S04865,4865
S04866,4866
S04867,4867
S04868,4868
S04869,4869
S04870,4870
S04871,4871
S04872,4872
S04873,4873
S04874,4874
S04875,4875
S04876,4876
S04877,4877
S04878,4878
S04879,4879
S04880,4880
S04881,4881
S04882,4882
S04883,4883
S04884,4884
S04885,4885
S04886,4886
S04887,4887
S04888,4888
S04889,4889
S04890,4890
S04891,4891
S04892,4892
S04893,4893
S04894,4894
S04895,4895
S04896,4896
S04897,4897
S04898,4898
S04899,4899
S04900,4900
S04901,4901
S04902,4902
S04903,4903
S04904,4904
S04905,4905
S04906,4906
S04907,4907
S04908,4908
S04909,4909
S04910,4910
S04911,4911
S04912,4912
S04913,4913
S04914,4914
S04915,4915
S04916,4916
S04917,4917
S04918,4918
S04919,4919
S04920,4920
S04921,4921
S04922,4922
S04923,4923
S04924,4924
S04925,4925
S04926,4926
S04927,4927
S04928,4928
S04929,4929
S04930,4930
S04931,4931
S04932,4932
S04933,4933
S04934,4934
S04935,4935
S04936,4936
S04937,4937
S04938,4938
S04939,4939
S04940,4940
S04941,4941
S04942,4942
S04943,4943
S04944,4944
S04945,4945
S04946,4946
S04947,4947
S04948,4948
S04949,4949
S04950,4950
S04951,4951
S04952,4952
S04953,4953
S04954,4954
S04955,4955
S04956,4956
S04957,4957
S04958,4958
S04959,4959
S04960,4960
S04961,4961
S04962,4962
S04963,4963
S04964,4964
S04965,4965
S04966,4966
S04967,4967
S04968,4968
S04969,4969
S04970,4970
S04971,4971
S04972,4972
S04973,4973
S04974,4974
S04975,4975
S04976,4976
S04977,4977
S04978,4978
S04979,4979
S04980,4980
S04981,4981
S04982,4982
S04983,4983
S04984,4984
S04985,4985
S04986,4986
S04987,4987
S04988,4988
S04989,4989
S04990,4990
S04991,4991
S04992,4992
S04993,4993
S04994,4994
S04995,4995
S04996,4996
S04997,4997
S04998,4998
S04999,4999
S05000,5000